<?xml version="1.0" encoding="ISO-8859-1"?>
<NETSIM_ANIMATION>
 <!--NETSIM_ANIMATION-->
 <MENU NAME="IP Table" isNewScreen="false">
  <MENU NAME="WIRELESS_NODE_2" isNewScreen="true" FileName="Animation_WIRELESS_NODE_2.txt" Type="table"/>
  <MENU NAME="WIRELESS_NODE_3" isNewScreen="true" FileName="Animation_WIRELESS_NODE_3.txt" Type="table"/>
  <MENU NAME="WIRELESS_NODE_4" isNewScreen="true" FileName="Animation_WIRELESS_NODE_4.txt" Type="table"/>
  <MENU NAME="WIRELESS_NODE_5" isNewScreen="true" FileName="Animation_WIRELESS_NODE_5.txt" Type="table"/>
  <MENU NAME="WIRED_NODE_7" isNewScreen="true" FileName="Animation_WIRED_NODE_7.txt" Type="table"/>
  <MENU NAME="WIRELESS_NODE_8" isNewScreen="true" FileName="Animation_WIRELESS_NODE_8.txt" Type="table"/>
  <MENU NAME="WIRELESS_NODE_9" isNewScreen="true" FileName="Animation_WIRELESS_NODE_9.txt" Type="table"/>
  <MENU NAME="WIRELESS_NODE_10" isNewScreen="true" FileName="Animation_WIRELESS_NODE_10.txt" Type="table"/>
  <MENU NAME="WIRELESS_NODE_11" isNewScreen="true" FileName="Animation_WIRELESS_NODE_11.txt" Type="table"/>
  <MENU NAME="WIRELESS_NODE_12" isNewScreen="true" FileName="Animation_WIRELESS_NODE_12.txt" Type="table"/>
  <MENU NAME="WIRELESS_NODE_13" isNewScreen="true" FileName="Animation_WIRELESS_NODE_13.txt" Type="table"/>
 </MENU>
 <MENU NAME="Transmit_packet" isNewScreen="false" FileName="Animation_Transmit_packet.txt" Type="generic"/>
</NETSIM_ANIMATION>
