<?xml version="1.0" encoding="ISO-8859-1"?>
<NetSim_Metrics>
 <!--NETSIM_METRICS-->
 <MENU Name="Link_Metrics">
  <TABLE name="Link_Metrics">
   <TH name="Link ID" isShow="true"/>
   <TH name="Link Throughput Plot" isShow="true"/>
   <TH name="Packets Transmitted" isShow="true">
    <TH name="Data"/>
    <TH name="Control"/>
   </TH>
   <TH name="Packets Errored" isShow="true">
    <TH name="Data"/>
    <TH name="Control"/>
   </TH>
   <TH name="Packets Collided" isShow="true">
    <TH name="Data"/>
    <TH name="Control"/>
   </TH>
   <TH name="Bytes Transmitted(bytes)" isShow="false"/>
   <TH name="Payload Transmitted(bytes)" isShow="false"/>
   <TH name="Overhead Transmitted(bytes)" isShow="false"/>
   <TR>
    <TC Value="All"/>
    <TC Value="NA"/>
    <TC Value="130312"/>
    <TC Value="90034"/>
    <TC Value="97"/>
    <TC Value="0"/>
    <TC Value="6350"/>
    <TC Value="558"/>
    <TC Value="201746004"/>
    <TC Value="180842900"/>
    <TC Value="20903104"/>
   </TR>
   <TR>
    <TC Value="1"/>
    <TC Value="NA"/>
    <TC Value="41168"/>
    <TC Value="12052"/>
    <TC Value="50"/>
    <TC Value="0"/>
    <TC Value="0"/>
    <TC Value="0"/>
    <TC Value="63268500"/>
    <TC Value="60032280"/>
    <TC Value="3236220"/>
   </TR>
   <TR>
    <TC Value="2"/>
    <TC Value="NA"/>
    <TC Value="41397"/>
    <TC Value="12052"/>
    <TC Value="47"/>
    <TC Value="0"/>
    <TC Value="0"/>
    <TC Value="0"/>
    <TC Value="63615974"/>
    <TC Value="60371000"/>
    <TC Value="3244974"/>
   </TR>
   <TR>
    <TC Value="3"/>
    <TC Value="NA"/>
    <TC Value="47747"/>
    <TC Value="65930"/>
    <TC Value="0"/>
    <TC Value="0"/>
    <TC Value="6350"/>
    <TC Value="558"/>
    <TC Value="74861530"/>
    <TC Value="60439620"/>
    <TC Value="14421910"/>
   </TR>
  </TABLE>
 </MENU>
 <MENU Name="Queue_Metrics">
  <TABLE name="Queue_Metrics">
   <TH name="Device_id" isShow="true"/>
   <TH name="Port_id" isShow="true"/>
   <TH name="Queued_packet" isShow="true"/>
   <TH name="Dequeued_packet" isShow="true"/>
   <TH name="Dropped_packet" isShow="true"/>
  </TABLE>
 </MENU>
 <MENU Name="TCP_Metrics">
  <TABLE name="TCP_Metrics">
   <TH name="Source" isShow="true"/>
   <TH name="Destination" isShow="true"/>
   <TH name="Local Address" isShow="false"/>
   <TH name="Remote Address" isShow="false"/>
   <TH name="Syn Sent" isShow="false"/>
   <TH name="Syn-Ack Sent" isShow="false"/>
   <TH name="Segment Sent" isShow="true"/>
   <TH name="Segment Received" isShow="true"/>
   <TH name="Segment Retransmitted" isShow="false"/>
   <TH name="Ack Sent" isShow="true"/>
   <TH name="Ack Received" isShow="true"/>
   <TH name="Duplicate segment received" isShow="false"/>
   <TH name="Out of order segment received" isShow="false"/>
   <TH name="Duplicate ack received" isShow="true"/>
   <TH name="Times RTO expired" isShow="false"/>
   <TR>
    <TC Value="WIRELESS_NODE_2"/>
    <TC Value="ANY_DEVICE"/>
    <TC Value="11.1.1.1:0"/>
    <TC Value="0.0.0.0:0"/>
    <TC Value="0"/>
    <TC Value="0"/>
    <TC Value="0"/>
    <TC Value="0"/>
    <TC Value="0"/>
    <TC Value="0"/>
    <TC Value="0"/>
    <TC Value="0"/>
    <TC Value="0"/>
    <TC Value="0"/>
    <TC Value="0"/>
   </TR>
   <TR>
    <TC Value="WIRELESS_NODE_3"/>
    <TC Value="ANY_DEVICE"/>
    <TC Value="11.1.1.2:0"/>
    <TC Value="0.0.0.0:0"/>
    <TC Value="0"/>
    <TC Value="0"/>
    <TC Value="0"/>
    <TC Value="0"/>
    <TC Value="0"/>
    <TC Value="0"/>
    <TC Value="0"/>
    <TC Value="0"/>
    <TC Value="0"/>
    <TC Value="0"/>
    <TC Value="0"/>
   </TR>
   <TR>
    <TC Value="WIRELESS_NODE_4"/>
    <TC Value="ANY_DEVICE"/>
    <TC Value="11.1.1.3:0"/>
    <TC Value="0.0.0.0:0"/>
    <TC Value="0"/>
    <TC Value="0"/>
    <TC Value="0"/>
    <TC Value="0"/>
    <TC Value="0"/>
    <TC Value="0"/>
    <TC Value="0"/>
    <TC Value="0"/>
    <TC Value="0"/>
    <TC Value="0"/>
    <TC Value="0"/>
   </TR>
   <TR>
    <TC Value="WIRELESS_NODE_5"/>
    <TC Value="ANY_DEVICE"/>
    <TC Value="11.1.1.4:0"/>
    <TC Value="0.0.0.0:0"/>
    <TC Value="0"/>
    <TC Value="0"/>
    <TC Value="0"/>
    <TC Value="0"/>
    <TC Value="0"/>
    <TC Value="0"/>
    <TC Value="0"/>
    <TC Value="0"/>
    <TC Value="0"/>
    <TC Value="0"/>
    <TC Value="0"/>
   </TR>
   <TR>
    <TC Value="WIRED_NODE_7"/>
    <TC Value="ANY_DEVICE"/>
    <TC Value="11.1.1.11:0"/>
    <TC Value="0.0.0.0:0"/>
    <TC Value="0"/>
    <TC Value="0"/>
    <TC Value="0"/>
    <TC Value="0"/>
    <TC Value="0"/>
    <TC Value="0"/>
    <TC Value="0"/>
    <TC Value="0"/>
    <TC Value="0"/>
    <TC Value="0"/>
    <TC Value="0"/>
   </TR>
   <TR>
    <TC Value="WIRELESS_NODE_8"/>
    <TC Value="ANY_DEVICE"/>
    <TC Value="11.1.1.5:0"/>
    <TC Value="0.0.0.0:0"/>
    <TC Value="0"/>
    <TC Value="0"/>
    <TC Value="0"/>
    <TC Value="0"/>
    <TC Value="0"/>
    <TC Value="0"/>
    <TC Value="0"/>
    <TC Value="0"/>
    <TC Value="0"/>
    <TC Value="0"/>
    <TC Value="0"/>
   </TR>
   <TR>
    <TC Value="WIRELESS_NODE_9"/>
    <TC Value="ANY_DEVICE"/>
    <TC Value="11.1.1.6:0"/>
    <TC Value="0.0.0.0:0"/>
    <TC Value="0"/>
    <TC Value="0"/>
    <TC Value="0"/>
    <TC Value="0"/>
    <TC Value="0"/>
    <TC Value="0"/>
    <TC Value="0"/>
    <TC Value="0"/>
    <TC Value="0"/>
    <TC Value="0"/>
    <TC Value="0"/>
   </TR>
   <TR>
    <TC Value="WIRELESS_NODE_10"/>
    <TC Value="ANY_DEVICE"/>
    <TC Value="11.1.1.7:0"/>
    <TC Value="0.0.0.0:0"/>
    <TC Value="0"/>
    <TC Value="0"/>
    <TC Value="0"/>
    <TC Value="0"/>
    <TC Value="0"/>
    <TC Value="0"/>
    <TC Value="0"/>
    <TC Value="0"/>
    <TC Value="0"/>
    <TC Value="0"/>
    <TC Value="0"/>
   </TR>
   <TR>
    <TC Value="WIRELESS_NODE_11"/>
    <TC Value="ANY_DEVICE"/>
    <TC Value="11.1.1.8:0"/>
    <TC Value="0.0.0.0:0"/>
    <TC Value="0"/>
    <TC Value="0"/>
    <TC Value="0"/>
    <TC Value="0"/>
    <TC Value="0"/>
    <TC Value="0"/>
    <TC Value="0"/>
    <TC Value="0"/>
    <TC Value="0"/>
    <TC Value="0"/>
    <TC Value="0"/>
   </TR>
   <TR>
    <TC Value="WIRELESS_NODE_12"/>
    <TC Value="ANY_DEVICE"/>
    <TC Value="11.1.1.9:0"/>
    <TC Value="0.0.0.0:0"/>
    <TC Value="0"/>
    <TC Value="0"/>
    <TC Value="0"/>
    <TC Value="0"/>
    <TC Value="0"/>
    <TC Value="0"/>
    <TC Value="0"/>
    <TC Value="0"/>
    <TC Value="0"/>
    <TC Value="0"/>
    <TC Value="0"/>
   </TR>
   <TR>
    <TC Value="WIRELESS_NODE_13"/>
    <TC Value="ANY_DEVICE"/>
    <TC Value="11.1.1.10:0"/>
    <TC Value="0.0.0.0:0"/>
    <TC Value="0"/>
    <TC Value="0"/>
    <TC Value="0"/>
    <TC Value="0"/>
    <TC Value="0"/>
    <TC Value="0"/>
    <TC Value="0"/>
    <TC Value="0"/>
    <TC Value="0"/>
    <TC Value="0"/>
    <TC Value="0"/>
   </TR>
   <TR>
    <TC Value="WIRELESS_NODE_10"/>
    <TC Value="WIRED_NODE_7"/>
    <TC Value="11.1.1.7:46562"/>
    <TC Value="11.1.1.11:33654"/>
    <TC Value="1"/>
    <TC Value="0"/>
    <TC Value="3288"/>
    <TC Value="0"/>
    <TC Value="7"/>
    <TC Value="1"/>
    <TC Value="3247"/>
    <TC Value="0"/>
    <TC Value="0"/>
    <TC Value="209"/>
    <TC Value="0"/>
   </TR>
   <TR>
    <TC Value="WIRELESS_NODE_11"/>
    <TC Value="WIRED_NODE_7"/>
    <TC Value="11.1.1.8:19922"/>
    <TC Value="11.1.1.11:982"/>
    <TC Value="1"/>
    <TC Value="0"/>
    <TC Value="2470"/>
    <TC Value="0"/>
    <TC Value="9"/>
    <TC Value="1"/>
    <TC Value="2443"/>
    <TC Value="0"/>
    <TC Value="0"/>
    <TC Value="199"/>
    <TC Value="5"/>
   </TR>
   <TR>
    <TC Value="WIRELESS_NODE_12"/>
    <TC Value="WIRED_NODE_7"/>
    <TC Value="11.1.1.9:5990"/>
    <TC Value="11.1.1.11:23884"/>
    <TC Value="1"/>
    <TC Value="0"/>
    <TC Value="3273"/>
    <TC Value="0"/>
    <TC Value="10"/>
    <TC Value="1"/>
    <TC Value="3251"/>
    <TC Value="0"/>
    <TC Value="0"/>
    <TC Value="266"/>
    <TC Value="0"/>
   </TR>
   <TR>
    <TC Value="WIRELESS_NODE_13"/>
    <TC Value="WIRED_NODE_7"/>
    <TC Value="11.1.1.10:9654"/>
    <TC Value="11.1.1.11:10872"/>
    <TC Value="1"/>
    <TC Value="0"/>
    <TC Value="3056"/>
    <TC Value="0"/>
    <TC Value="8"/>
    <TC Value="1"/>
    <TC Value="3035"/>
    <TC Value="0"/>
    <TC Value="0"/>
    <TC Value="233"/>
    <TC Value="3"/>
   </TR>
   <TR>
    <TC Value="WIRED_NODE_7"/>
    <TC Value="WIRELESS_NODE_11"/>
    <TC Value="11.1.1.11:982"/>
    <TC Value="11.1.1.8:19922"/>
    <TC Value="0"/>
    <TC Value="1"/>
    <TC Value="0"/>
    <TC Value="2454"/>
    <TC Value="0"/>
    <TC Value="2456"/>
    <TC Value="1"/>
    <TC Value="0"/>
    <TC Value="199"/>
    <TC Value="0"/>
    <TC Value="0"/>
   </TR>
   <TR>
    <TC Value="WIRED_NODE_7"/>
    <TC Value="WIRELESS_NODE_13"/>
    <TC Value="11.1.1.11:10872"/>
    <TC Value="11.1.1.10:9654"/>
    <TC Value="0"/>
    <TC Value="1"/>
    <TC Value="0"/>
    <TC Value="3052"/>
    <TC Value="0"/>
    <TC Value="3053"/>
    <TC Value="1"/>
    <TC Value="0"/>
    <TC Value="232"/>
    <TC Value="0"/>
    <TC Value="0"/>
   </TR>
   <TR>
    <TC Value="WIRED_NODE_7"/>
    <TC Value="WIRELESS_NODE_12"/>
    <TC Value="11.1.1.11:23884"/>
    <TC Value="11.1.1.9:5990"/>
    <TC Value="0"/>
    <TC Value="1"/>
    <TC Value="0"/>
    <TC Value="3267"/>
    <TC Value="0"/>
    <TC Value="3267"/>
    <TC Value="1"/>
    <TC Value="0"/>
    <TC Value="266"/>
    <TC Value="0"/>
    <TC Value="0"/>
   </TR>
   <TR>
    <TC Value="WIRED_NODE_7"/>
    <TC Value="WIRELESS_NODE_10"/>
    <TC Value="11.1.1.11:33654"/>
    <TC Value="11.1.1.7:46562"/>
    <TC Value="0"/>
    <TC Value="1"/>
    <TC Value="0"/>
    <TC Value="3264"/>
    <TC Value="0"/>
    <TC Value="3264"/>
    <TC Value="1"/>
    <TC Value="0"/>
    <TC Value="210"/>
    <TC Value="0"/>
    <TC Value="0"/>
   </TR>
  </TABLE>
 </MENU>
 <MENU Name="IP_Metrics">
  <TABLE name="IP_Metrics">
   <TH name="Device Id" isShow="true"/>
   <TH name="Packet sent" isShow="true"/>
   <TH name="Packet forwarded" isShow="true"/>
   <TH name="Packet received" isShow="true"/>
   <TH name="Packet discarded" isShow="false"/>
   <TH name="TTL expired" isShow="false"/>
   <TH name="Firewall blocked" isShow="false"/>
   <TR>
    <TC Value="2"/>
    <TC Value="5000"/>
    <TC Value="0"/>
    <TC Value="0"/>
    <TC Value="0"/>
    <TC Value="0"/>
    <TC Value="0"/>
   </TR>
   <TR>
    <TC Value="3"/>
    <TC Value="5000"/>
    <TC Value="0"/>
    <TC Value="0"/>
    <TC Value="0"/>
    <TC Value="0"/>
    <TC Value="0"/>
   </TR>
   <TR>
    <TC Value="4"/>
    <TC Value="5000"/>
    <TC Value="0"/>
    <TC Value="0"/>
    <TC Value="0"/>
    <TC Value="0"/>
    <TC Value="0"/>
   </TR>
   <TR>
    <TC Value="5"/>
    <TC Value="5000"/>
    <TC Value="0"/>
    <TC Value="0"/>
    <TC Value="0"/>
    <TC Value="0"/>
    <TC Value="0"/>
   </TR>
   <TR>
    <TC Value="7"/>
    <TC Value="12044"/>
    <TC Value="0"/>
    <TC Value="41126"/>
    <TC Value="0"/>
    <TC Value="0"/>
    <TC Value="0"/>
   </TR>
   <TR>
    <TC Value="8"/>
    <TC Value="5000"/>
    <TC Value="0"/>
    <TC Value="0"/>
    <TC Value="0"/>
    <TC Value="0"/>
    <TC Value="0"/>
   </TR>
   <TR>
    <TC Value="9"/>
    <TC Value="5000"/>
    <TC Value="0"/>
    <TC Value="0"/>
    <TC Value="0"/>
    <TC Value="0"/>
    <TC Value="0"/>
   </TR>
   <TR>
    <TC Value="10"/>
    <TC Value="3297"/>
    <TC Value="0"/>
    <TC Value="3248"/>
    <TC Value="0"/>
    <TC Value="0"/>
    <TC Value="0"/>
   </TR>
   <TR>
    <TC Value="11"/>
    <TC Value="2481"/>
    <TC Value="0"/>
    <TC Value="2444"/>
    <TC Value="0"/>
    <TC Value="0"/>
    <TC Value="0"/>
   </TR>
   <TR>
    <TC Value="12"/>
    <TC Value="3285"/>
    <TC Value="0"/>
    <TC Value="3252"/>
    <TC Value="0"/>
    <TC Value="0"/>
    <TC Value="0"/>
   </TR>
   <TR>
    <TC Value="13"/>
    <TC Value="3066"/>
    <TC Value="0"/>
    <TC Value="3036"/>
    <TC Value="0"/>
    <TC Value="0"/>
    <TC Value="0"/>
   </TR>
  </TABLE>
 </MENU>
 <MENU Name="IP_Forwarding_Table">
  <MENU Name="WIRELESS_NODE_2">
   <TABLE name="WIRELESS_NODE_2">
    <TH name="Network Destination" isShow="true"/>
    <TH name="Netmask/Prefix len" isShow="true"/>
    <TH name="Gateway" isShow="true"/>
    <TH name="Interface" isShow="true"/>
    <TH name="Metrics" isShow="false"/>
    <TH name="Type" isShow="false"/>
    <TR>
     <TC Value="11.1.0.0"/>
     <TC Value="255.255.0.0"/>
     <TC Value="on-link"/>
     <TC Value="11.1.1.1 "/>
     <TC Value="300"/>
     <TC Value="LOCAL"/>
    </TR>
    <TR>
     <TC Value="224.0.0.1"/>
     <TC Value="255.255.255.255"/>
     <TC Value="on-link"/>
     <TC Value="11.1.1.1 "/>
     <TC Value="306"/>
     <TC Value="MULTICAST"/>
    </TR>
    <TR>
     <TC Value="224.0.0.0"/>
     <TC Value="240.0.0.0"/>
     <TC Value="on-link"/>
     <TC Value="11.1.1.1 "/>
     <TC Value="306"/>
     <TC Value="MULTICAST"/>
    </TR>
    <TR>
     <TC Value="255.255.255.255"/>
     <TC Value="255.255.255.255"/>
     <TC Value="on-link"/>
     <TC Value="11.1.1.1 "/>
     <TC Value="999"/>
     <TC Value="BROADCAST"/>
    </TR>
   </TABLE>
  </MENU>
  <MENU Name="WIRELESS_NODE_3">
   <TABLE name="WIRELESS_NODE_3">
    <TH name="Network Destination" isShow="true"/>
    <TH name="Netmask/Prefix len" isShow="true"/>
    <TH name="Gateway" isShow="true"/>
    <TH name="Interface" isShow="true"/>
    <TH name="Metrics" isShow="false"/>
    <TH name="Type" isShow="false"/>
    <TR>
     <TC Value="11.1.0.0"/>
     <TC Value="255.255.0.0"/>
     <TC Value="on-link"/>
     <TC Value="11.1.1.2 "/>
     <TC Value="300"/>
     <TC Value="LOCAL"/>
    </TR>
    <TR>
     <TC Value="224.0.0.1"/>
     <TC Value="255.255.255.255"/>
     <TC Value="on-link"/>
     <TC Value="11.1.1.2 "/>
     <TC Value="306"/>
     <TC Value="MULTICAST"/>
    </TR>
    <TR>
     <TC Value="224.0.0.0"/>
     <TC Value="240.0.0.0"/>
     <TC Value="on-link"/>
     <TC Value="11.1.1.2 "/>
     <TC Value="306"/>
     <TC Value="MULTICAST"/>
    </TR>
    <TR>
     <TC Value="255.255.255.255"/>
     <TC Value="255.255.255.255"/>
     <TC Value="on-link"/>
     <TC Value="11.1.1.2 "/>
     <TC Value="999"/>
     <TC Value="BROADCAST"/>
    </TR>
   </TABLE>
  </MENU>
  <MENU Name="WIRELESS_NODE_4">
   <TABLE name="WIRELESS_NODE_4">
    <TH name="Network Destination" isShow="true"/>
    <TH name="Netmask/Prefix len" isShow="true"/>
    <TH name="Gateway" isShow="true"/>
    <TH name="Interface" isShow="true"/>
    <TH name="Metrics" isShow="false"/>
    <TH name="Type" isShow="false"/>
    <TR>
     <TC Value="11.1.0.0"/>
     <TC Value="255.255.0.0"/>
     <TC Value="on-link"/>
     <TC Value="11.1.1.3 "/>
     <TC Value="300"/>
     <TC Value="LOCAL"/>
    </TR>
    <TR>
     <TC Value="224.0.0.1"/>
     <TC Value="255.255.255.255"/>
     <TC Value="on-link"/>
     <TC Value="11.1.1.3 "/>
     <TC Value="306"/>
     <TC Value="MULTICAST"/>
    </TR>
    <TR>
     <TC Value="224.0.0.0"/>
     <TC Value="240.0.0.0"/>
     <TC Value="on-link"/>
     <TC Value="11.1.1.3 "/>
     <TC Value="306"/>
     <TC Value="MULTICAST"/>
    </TR>
    <TR>
     <TC Value="255.255.255.255"/>
     <TC Value="255.255.255.255"/>
     <TC Value="on-link"/>
     <TC Value="11.1.1.3 "/>
     <TC Value="999"/>
     <TC Value="BROADCAST"/>
    </TR>
   </TABLE>
  </MENU>
  <MENU Name="WIRELESS_NODE_5">
   <TABLE name="WIRELESS_NODE_5">
    <TH name="Network Destination" isShow="true"/>
    <TH name="Netmask/Prefix len" isShow="true"/>
    <TH name="Gateway" isShow="true"/>
    <TH name="Interface" isShow="true"/>
    <TH name="Metrics" isShow="false"/>
    <TH name="Type" isShow="false"/>
    <TR>
     <TC Value="11.1.0.0"/>
     <TC Value="255.255.0.0"/>
     <TC Value="on-link"/>
     <TC Value="11.1.1.4 "/>
     <TC Value="300"/>
     <TC Value="LOCAL"/>
    </TR>
    <TR>
     <TC Value="224.0.0.1"/>
     <TC Value="255.255.255.255"/>
     <TC Value="on-link"/>
     <TC Value="11.1.1.4 "/>
     <TC Value="306"/>
     <TC Value="MULTICAST"/>
    </TR>
    <TR>
     <TC Value="224.0.0.0"/>
     <TC Value="240.0.0.0"/>
     <TC Value="on-link"/>
     <TC Value="11.1.1.4 "/>
     <TC Value="306"/>
     <TC Value="MULTICAST"/>
    </TR>
    <TR>
     <TC Value="255.255.255.255"/>
     <TC Value="255.255.255.255"/>
     <TC Value="on-link"/>
     <TC Value="11.1.1.4 "/>
     <TC Value="999"/>
     <TC Value="BROADCAST"/>
    </TR>
   </TABLE>
  </MENU>
  <MENU Name="WIRED_NODE_7">
   <TABLE name="WIRED_NODE_7">
    <TH name="Network Destination" isShow="true"/>
    <TH name="Netmask/Prefix len" isShow="true"/>
    <TH name="Gateway" isShow="true"/>
    <TH name="Interface" isShow="true"/>
    <TH name="Metrics" isShow="false"/>
    <TH name="Type" isShow="false"/>
    <TR>
     <TC Value="11.1.0.0"/>
     <TC Value="255.255.0.0"/>
     <TC Value="on-link"/>
     <TC Value="11.1.1.11 "/>
     <TC Value="300"/>
     <TC Value="LOCAL"/>
    </TR>
    <TR>
     <TC Value="224.0.0.1"/>
     <TC Value="255.255.255.255"/>
     <TC Value="on-link"/>
     <TC Value="11.1.1.11 "/>
     <TC Value="306"/>
     <TC Value="MULTICAST"/>
    </TR>
    <TR>
     <TC Value="224.0.0.0"/>
     <TC Value="240.0.0.0"/>
     <TC Value="on-link"/>
     <TC Value="11.1.1.11 "/>
     <TC Value="306"/>
     <TC Value="MULTICAST"/>
    </TR>
    <TR>
     <TC Value="255.255.255.255"/>
     <TC Value="255.255.255.255"/>
     <TC Value="on-link"/>
     <TC Value="11.1.1.11 "/>
     <TC Value="999"/>
     <TC Value="BROADCAST"/>
    </TR>
   </TABLE>
  </MENU>
  <MENU Name="WIRELESS_NODE_8">
   <TABLE name="WIRELESS_NODE_8">
    <TH name="Network Destination" isShow="true"/>
    <TH name="Netmask/Prefix len" isShow="true"/>
    <TH name="Gateway" isShow="true"/>
    <TH name="Interface" isShow="true"/>
    <TH name="Metrics" isShow="false"/>
    <TH name="Type" isShow="false"/>
    <TR>
     <TC Value="11.1.0.0"/>
     <TC Value="255.255.0.0"/>
     <TC Value="on-link"/>
     <TC Value="11.1.1.5 "/>
     <TC Value="300"/>
     <TC Value="LOCAL"/>
    </TR>
    <TR>
     <TC Value="224.0.0.1"/>
     <TC Value="255.255.255.255"/>
     <TC Value="on-link"/>
     <TC Value="11.1.1.5 "/>
     <TC Value="306"/>
     <TC Value="MULTICAST"/>
    </TR>
    <TR>
     <TC Value="224.0.0.0"/>
     <TC Value="240.0.0.0"/>
     <TC Value="on-link"/>
     <TC Value="11.1.1.5 "/>
     <TC Value="306"/>
     <TC Value="MULTICAST"/>
    </TR>
    <TR>
     <TC Value="255.255.255.255"/>
     <TC Value="255.255.255.255"/>
     <TC Value="on-link"/>
     <TC Value="11.1.1.5 "/>
     <TC Value="999"/>
     <TC Value="BROADCAST"/>
    </TR>
   </TABLE>
  </MENU>
  <MENU Name="WIRELESS_NODE_9">
   <TABLE name="WIRELESS_NODE_9">
    <TH name="Network Destination" isShow="true"/>
    <TH name="Netmask/Prefix len" isShow="true"/>
    <TH name="Gateway" isShow="true"/>
    <TH name="Interface" isShow="true"/>
    <TH name="Metrics" isShow="false"/>
    <TH name="Type" isShow="false"/>
    <TR>
     <TC Value="11.1.0.0"/>
     <TC Value="255.255.0.0"/>
     <TC Value="on-link"/>
     <TC Value="11.1.1.6 "/>
     <TC Value="300"/>
     <TC Value="LOCAL"/>
    </TR>
    <TR>
     <TC Value="224.0.0.1"/>
     <TC Value="255.255.255.255"/>
     <TC Value="on-link"/>
     <TC Value="11.1.1.6 "/>
     <TC Value="306"/>
     <TC Value="MULTICAST"/>
    </TR>
    <TR>
     <TC Value="224.0.0.0"/>
     <TC Value="240.0.0.0"/>
     <TC Value="on-link"/>
     <TC Value="11.1.1.6 "/>
     <TC Value="306"/>
     <TC Value="MULTICAST"/>
    </TR>
    <TR>
     <TC Value="255.255.255.255"/>
     <TC Value="255.255.255.255"/>
     <TC Value="on-link"/>
     <TC Value="11.1.1.6 "/>
     <TC Value="999"/>
     <TC Value="BROADCAST"/>
    </TR>
   </TABLE>
  </MENU>
  <MENU Name="WIRELESS_NODE_10">
   <TABLE name="WIRELESS_NODE_10">
    <TH name="Network Destination" isShow="true"/>
    <TH name="Netmask/Prefix len" isShow="true"/>
    <TH name="Gateway" isShow="true"/>
    <TH name="Interface" isShow="true"/>
    <TH name="Metrics" isShow="false"/>
    <TH name="Type" isShow="false"/>
    <TR>
     <TC Value="11.1.0.0"/>
     <TC Value="255.255.0.0"/>
     <TC Value="on-link"/>
     <TC Value="11.1.1.7 "/>
     <TC Value="300"/>
     <TC Value="LOCAL"/>
    </TR>
    <TR>
     <TC Value="224.0.0.1"/>
     <TC Value="255.255.255.255"/>
     <TC Value="on-link"/>
     <TC Value="11.1.1.7 "/>
     <TC Value="306"/>
     <TC Value="MULTICAST"/>
    </TR>
    <TR>
     <TC Value="224.0.0.0"/>
     <TC Value="240.0.0.0"/>
     <TC Value="on-link"/>
     <TC Value="11.1.1.7 "/>
     <TC Value="306"/>
     <TC Value="MULTICAST"/>
    </TR>
    <TR>
     <TC Value="255.255.255.255"/>
     <TC Value="255.255.255.255"/>
     <TC Value="on-link"/>
     <TC Value="11.1.1.7 "/>
     <TC Value="999"/>
     <TC Value="BROADCAST"/>
    </TR>
   </TABLE>
  </MENU>
  <MENU Name="WIRELESS_NODE_11">
   <TABLE name="WIRELESS_NODE_11">
    <TH name="Network Destination" isShow="true"/>
    <TH name="Netmask/Prefix len" isShow="true"/>
    <TH name="Gateway" isShow="true"/>
    <TH name="Interface" isShow="true"/>
    <TH name="Metrics" isShow="false"/>
    <TH name="Type" isShow="false"/>
    <TR>
     <TC Value="11.1.0.0"/>
     <TC Value="255.255.0.0"/>
     <TC Value="on-link"/>
     <TC Value="11.1.1.8 "/>
     <TC Value="300"/>
     <TC Value="LOCAL"/>
    </TR>
    <TR>
     <TC Value="224.0.0.1"/>
     <TC Value="255.255.255.255"/>
     <TC Value="on-link"/>
     <TC Value="11.1.1.8 "/>
     <TC Value="306"/>
     <TC Value="MULTICAST"/>
    </TR>
    <TR>
     <TC Value="224.0.0.0"/>
     <TC Value="240.0.0.0"/>
     <TC Value="on-link"/>
     <TC Value="11.1.1.8 "/>
     <TC Value="306"/>
     <TC Value="MULTICAST"/>
    </TR>
    <TR>
     <TC Value="255.255.255.255"/>
     <TC Value="255.255.255.255"/>
     <TC Value="on-link"/>
     <TC Value="11.1.1.8 "/>
     <TC Value="999"/>
     <TC Value="BROADCAST"/>
    </TR>
   </TABLE>
  </MENU>
  <MENU Name="WIRELESS_NODE_12">
   <TABLE name="WIRELESS_NODE_12">
    <TH name="Network Destination" isShow="true"/>
    <TH name="Netmask/Prefix len" isShow="true"/>
    <TH name="Gateway" isShow="true"/>
    <TH name="Interface" isShow="true"/>
    <TH name="Metrics" isShow="false"/>
    <TH name="Type" isShow="false"/>
    <TR>
     <TC Value="11.1.0.0"/>
     <TC Value="255.255.0.0"/>
     <TC Value="on-link"/>
     <TC Value="11.1.1.9 "/>
     <TC Value="300"/>
     <TC Value="LOCAL"/>
    </TR>
    <TR>
     <TC Value="224.0.0.1"/>
     <TC Value="255.255.255.255"/>
     <TC Value="on-link"/>
     <TC Value="11.1.1.9 "/>
     <TC Value="306"/>
     <TC Value="MULTICAST"/>
    </TR>
    <TR>
     <TC Value="224.0.0.0"/>
     <TC Value="240.0.0.0"/>
     <TC Value="on-link"/>
     <TC Value="11.1.1.9 "/>
     <TC Value="306"/>
     <TC Value="MULTICAST"/>
    </TR>
    <TR>
     <TC Value="255.255.255.255"/>
     <TC Value="255.255.255.255"/>
     <TC Value="on-link"/>
     <TC Value="11.1.1.9 "/>
     <TC Value="999"/>
     <TC Value="BROADCAST"/>
    </TR>
   </TABLE>
  </MENU>
  <MENU Name="WIRELESS_NODE_13">
   <TABLE name="WIRELESS_NODE_13">
    <TH name="Network Destination" isShow="true"/>
    <TH name="Netmask/Prefix len" isShow="true"/>
    <TH name="Gateway" isShow="true"/>
    <TH name="Interface" isShow="true"/>
    <TH name="Metrics" isShow="false"/>
    <TH name="Type" isShow="false"/>
    <TR>
     <TC Value="11.1.0.0"/>
     <TC Value="255.255.0.0"/>
     <TC Value="on-link"/>
     <TC Value="11.1.1.10 "/>
     <TC Value="300"/>
     <TC Value="LOCAL"/>
    </TR>
    <TR>
     <TC Value="224.0.0.1"/>
     <TC Value="255.255.255.255"/>
     <TC Value="on-link"/>
     <TC Value="11.1.1.10 "/>
     <TC Value="306"/>
     <TC Value="MULTICAST"/>
    </TR>
    <TR>
     <TC Value="224.0.0.0"/>
     <TC Value="240.0.0.0"/>
     <TC Value="on-link"/>
     <TC Value="11.1.1.10 "/>
     <TC Value="306"/>
     <TC Value="MULTICAST"/>
    </TR>
    <TR>
     <TC Value="255.255.255.255"/>
     <TC Value="255.255.255.255"/>
     <TC Value="on-link"/>
     <TC Value="11.1.1.10 "/>
     <TC Value="999"/>
     <TC Value="BROADCAST"/>
    </TR>
   </TABLE>
  </MENU>
 </MENU>
 <MENU Name="UDP Metrics">
  <TABLE name="UDP Metrics">
   <TH name="Device id" isShow="true"/>
   <TH name="Local address" isShow="true"/>
   <TH name="Foreign address" isShow="true"/>
   <TH name="Datagram sent" isShow="true"/>
   <TH name="Datagram received" isShow="true"/>
   <TR>
    <TC Value="2"/>
    <TC Value="11.1.1.1:82"/>
    <TC Value="11.1.1.11:36934"/>
    <TC Value="5000"/>
    <TC Value="0"/>
   </TR>
   <TR>
    <TC Value="3"/>
    <TC Value="11.1.1.2:12668"/>
    <TC Value="11.1.1.11:53000"/>
    <TC Value="5000"/>
    <TC Value="0"/>
   </TR>
   <TR>
    <TC Value="4"/>
    <TC Value="11.1.1.3:38338"/>
    <TC Value="11.1.1.11:31448"/>
    <TC Value="5000"/>
    <TC Value="0"/>
   </TR>
   <TR>
    <TC Value="5"/>
    <TC Value="11.1.1.4:22956"/>
    <TC Value="11.1.1.11:58716"/>
    <TC Value="5000"/>
    <TC Value="0"/>
   </TR>
   <TR>
    <TC Value="7"/>
    <TC Value="11.1.1.11:56290"/>
    <TC Value="11.1.1.6:11410"/>
    <TC Value="0"/>
    <TC Value="4852"/>
   </TR>
   <TR>
    <TC Value="7"/>
    <TC Value="11.1.1.11:36934"/>
    <TC Value="11.1.1.1:82"/>
    <TC Value="0"/>
    <TC Value="4837"/>
   </TR>
   <TR>
    <TC Value="7"/>
    <TC Value="11.1.1.11:31448"/>
    <TC Value="11.1.1.3:38338"/>
    <TC Value="0"/>
    <TC Value="4846"/>
   </TR>
   <TR>
    <TC Value="7"/>
    <TC Value="11.1.1.11:48928"/>
    <TC Value="11.1.1.5:53924"/>
    <TC Value="0"/>
    <TC Value="4851"/>
   </TR>
   <TR>
    <TC Value="7"/>
    <TC Value="11.1.1.11:53000"/>
    <TC Value="11.1.1.2:12668"/>
    <TC Value="0"/>
    <TC Value="4845"/>
   </TR>
   <TR>
    <TC Value="7"/>
    <TC Value="11.1.1.11:58716"/>
    <TC Value="11.1.1.4:22956"/>
    <TC Value="0"/>
    <TC Value="4847"/>
   </TR>
   <TR>
    <TC Value="8"/>
    <TC Value="11.1.1.5:53924"/>
    <TC Value="11.1.1.11:48928"/>
    <TC Value="5000"/>
    <TC Value="0"/>
   </TR>
   <TR>
    <TC Value="9"/>
    <TC Value="11.1.1.6:11410"/>
    <TC Value="11.1.1.11:56290"/>
    <TC Value="5000"/>
    <TC Value="0"/>
   </TR>
  </TABLE>
 </MENU>
 <MENU Name="IEEE802.11_Metrics">
  <TABLE name="IEEE802.11_Metrics">
   <TH name="DeviceId" isShow="true"/>
   <TH name="InterfaceId" isShow="true"/>
   <TH name="Frame Sent" isShow="true"/>
   <TH name="Frame Received" isShow="false"/>
   <TH name="RTS Sent" isShow="false"/>
   <TH name="RTS Received" isShow="false"/>
   <TH name="CTS Sent" isShow="false"/>
   <TH name="CTS Received" isShow="false"/>
   <TH name="Successful Backoff" isShow="false"/>
   <TH name="Failed Backoff" isShow="false"/>
   <TR>
    <TC Value="1"/>
    <TC Value="2"/>
    <TC Value="0"/>
    <TC Value="41405"/>
    <TC Value="0"/>
    <TC Value="0"/>
    <TC Value="0"/>
    <TC Value="0"/>
    <TC Value="0"/>
    <TC Value="0"/>
   </TR>
   <TR>
    <TC Value="1"/>
    <TC Value="2"/>
    <TC Value="12545"/>
    <TC Value="0"/>
    <TC Value="0"/>
    <TC Value="0"/>
    <TC Value="0"/>
    <TC Value="0"/>
    <TC Value="8191"/>
    <TC Value="1"/>
   </TR>
   <TR>
    <TC Value="1"/>
    <TC Value="2"/>
    <TC Value="0"/>
    <TC Value="0"/>
    <TC Value="0"/>
    <TC Value="0"/>
    <TC Value="0"/>
    <TC Value="0"/>
    <TC Value="0"/>
    <TC Value="0"/>
   </TR>
   <TR>
    <TC Value="1"/>
    <TC Value="2"/>
    <TC Value="0"/>
    <TC Value="0"/>
    <TC Value="0"/>
    <TC Value="0"/>
    <TC Value="0"/>
    <TC Value="0"/>
    <TC Value="0"/>
    <TC Value="0"/>
   </TR>
   <TR>
    <TC Value="2"/>
    <TC Value="1"/>
    <TC Value="0"/>
    <TC Value="0"/>
    <TC Value="0"/>
    <TC Value="0"/>
    <TC Value="0"/>
    <TC Value="0"/>
    <TC Value="0"/>
    <TC Value="0"/>
   </TR>
   <TR>
    <TC Value="2"/>
    <TC Value="1"/>
    <TC Value="5867"/>
    <TC Value="0"/>
    <TC Value="0"/>
    <TC Value="0"/>
    <TC Value="0"/>
    <TC Value="0"/>
    <TC Value="5615"/>
    <TC Value="0"/>
   </TR>
   <TR>
    <TC Value="2"/>
    <TC Value="1"/>
    <TC Value="0"/>
    <TC Value="0"/>
    <TC Value="0"/>
    <TC Value="0"/>
    <TC Value="0"/>
    <TC Value="0"/>
    <TC Value="0"/>
    <TC Value="0"/>
   </TR>
   <TR>
    <TC Value="2"/>
    <TC Value="1"/>
    <TC Value="0"/>
    <TC Value="0"/>
    <TC Value="0"/>
    <TC Value="0"/>
    <TC Value="0"/>
    <TC Value="0"/>
    <TC Value="0"/>
    <TC Value="0"/>
   </TR>
   <TR>
    <TC Value="3"/>
    <TC Value="1"/>
    <TC Value="0"/>
    <TC Value="0"/>
    <TC Value="0"/>
    <TC Value="0"/>
    <TC Value="0"/>
    <TC Value="0"/>
    <TC Value="0"/>
    <TC Value="0"/>
   </TR>
   <TR>
    <TC Value="3"/>
    <TC Value="1"/>
    <TC Value="5844"/>
    <TC Value="0"/>
    <TC Value="0"/>
    <TC Value="0"/>
    <TC Value="0"/>
    <TC Value="0"/>
    <TC Value="5615"/>
    <TC Value="0"/>
   </TR>
   <TR>
    <TC Value="3"/>
    <TC Value="1"/>
    <TC Value="0"/>
    <TC Value="0"/>
    <TC Value="0"/>
    <TC Value="0"/>
    <TC Value="0"/>
    <TC Value="0"/>
    <TC Value="0"/>
    <TC Value="0"/>
   </TR>
   <TR>
    <TC Value="3"/>
    <TC Value="1"/>
    <TC Value="0"/>
    <TC Value="0"/>
    <TC Value="0"/>
    <TC Value="0"/>
    <TC Value="0"/>
    <TC Value="0"/>
    <TC Value="0"/>
    <TC Value="0"/>
   </TR>
   <TR>
    <TC Value="4"/>
    <TC Value="1"/>
    <TC Value="0"/>
    <TC Value="0"/>
    <TC Value="0"/>
    <TC Value="0"/>
    <TC Value="0"/>
    <TC Value="0"/>
    <TC Value="0"/>
    <TC Value="0"/>
   </TR>
   <TR>
    <TC Value="4"/>
    <TC Value="1"/>
    <TC Value="5834"/>
    <TC Value="0"/>
    <TC Value="0"/>
    <TC Value="0"/>
    <TC Value="0"/>
    <TC Value="0"/>
    <TC Value="5597"/>
    <TC Value="0"/>
   </TR>
   <TR>
    <TC Value="4"/>
    <TC Value="1"/>
    <TC Value="0"/>
    <TC Value="0"/>
    <TC Value="0"/>
    <TC Value="0"/>
    <TC Value="0"/>
    <TC Value="0"/>
    <TC Value="0"/>
    <TC Value="0"/>
   </TR>
   <TR>
    <TC Value="4"/>
    <TC Value="1"/>
    <TC Value="0"/>
    <TC Value="0"/>
    <TC Value="0"/>
    <TC Value="0"/>
    <TC Value="0"/>
    <TC Value="0"/>
    <TC Value="0"/>
    <TC Value="0"/>
   </TR>
   <TR>
    <TC Value="5"/>
    <TC Value="1"/>
    <TC Value="0"/>
    <TC Value="0"/>
    <TC Value="0"/>
    <TC Value="0"/>
    <TC Value="0"/>
    <TC Value="0"/>
    <TC Value="0"/>
    <TC Value="0"/>
   </TR>
   <TR>
    <TC Value="5"/>
    <TC Value="1"/>
    <TC Value="5817"/>
    <TC Value="0"/>
    <TC Value="0"/>
    <TC Value="0"/>
    <TC Value="0"/>
    <TC Value="0"/>
    <TC Value="5576"/>
    <TC Value="0"/>
   </TR>
   <TR>
    <TC Value="5"/>
    <TC Value="1"/>
    <TC Value="0"/>
    <TC Value="0"/>
    <TC Value="0"/>
    <TC Value="0"/>
    <TC Value="0"/>
    <TC Value="0"/>
    <TC Value="0"/>
    <TC Value="0"/>
   </TR>
   <TR>
    <TC Value="5"/>
    <TC Value="1"/>
    <TC Value="0"/>
    <TC Value="0"/>
    <TC Value="0"/>
    <TC Value="0"/>
    <TC Value="0"/>
    <TC Value="0"/>
    <TC Value="0"/>
    <TC Value="0"/>
   </TR>
   <TR>
    <TC Value="8"/>
    <TC Value="1"/>
    <TC Value="0"/>
    <TC Value="0"/>
    <TC Value="0"/>
    <TC Value="0"/>
    <TC Value="0"/>
    <TC Value="0"/>
    <TC Value="0"/>
    <TC Value="0"/>
   </TR>
   <TR>
    <TC Value="8"/>
    <TC Value="1"/>
    <TC Value="5800"/>
    <TC Value="0"/>
    <TC Value="0"/>
    <TC Value="0"/>
    <TC Value="0"/>
    <TC Value="0"/>
    <TC Value="5572"/>
    <TC Value="0"/>
   </TR>
   <TR>
    <TC Value="8"/>
    <TC Value="1"/>
    <TC Value="0"/>
    <TC Value="0"/>
    <TC Value="0"/>
    <TC Value="0"/>
    <TC Value="0"/>
    <TC Value="0"/>
    <TC Value="0"/>
    <TC Value="0"/>
   </TR>
   <TR>
    <TC Value="8"/>
    <TC Value="1"/>
    <TC Value="0"/>
    <TC Value="0"/>
    <TC Value="0"/>
    <TC Value="0"/>
    <TC Value="0"/>
    <TC Value="0"/>
    <TC Value="0"/>
    <TC Value="0"/>
   </TR>
   <TR>
    <TC Value="9"/>
    <TC Value="1"/>
    <TC Value="0"/>
    <TC Value="0"/>
    <TC Value="0"/>
    <TC Value="0"/>
    <TC Value="0"/>
    <TC Value="0"/>
    <TC Value="0"/>
    <TC Value="0"/>
   </TR>
   <TR>
    <TC Value="9"/>
    <TC Value="1"/>
    <TC Value="5828"/>
    <TC Value="0"/>
    <TC Value="0"/>
    <TC Value="0"/>
    <TC Value="0"/>
    <TC Value="0"/>
    <TC Value="5578"/>
    <TC Value="0"/>
   </TR>
   <TR>
    <TC Value="9"/>
    <TC Value="1"/>
    <TC Value="0"/>
    <TC Value="0"/>
    <TC Value="0"/>
    <TC Value="0"/>
    <TC Value="0"/>
    <TC Value="0"/>
    <TC Value="0"/>
    <TC Value="0"/>
   </TR>
   <TR>
    <TC Value="9"/>
    <TC Value="1"/>
    <TC Value="0"/>
    <TC Value="0"/>
    <TC Value="0"/>
    <TC Value="0"/>
    <TC Value="0"/>
    <TC Value="0"/>
    <TC Value="0"/>
    <TC Value="0"/>
   </TR>
   <TR>
    <TC Value="10"/>
    <TC Value="1"/>
    <TC Value="0"/>
    <TC Value="3248"/>
    <TC Value="0"/>
    <TC Value="0"/>
    <TC Value="0"/>
    <TC Value="0"/>
    <TC Value="0"/>
    <TC Value="0"/>
   </TR>
   <TR>
    <TC Value="10"/>
    <TC Value="1"/>
    <TC Value="3486"/>
    <TC Value="0"/>
    <TC Value="0"/>
    <TC Value="0"/>
    <TC Value="0"/>
    <TC Value="0"/>
    <TC Value="2436"/>
    <TC Value="0"/>
   </TR>
   <TR>
    <TC Value="10"/>
    <TC Value="1"/>
    <TC Value="0"/>
    <TC Value="0"/>
    <TC Value="0"/>
    <TC Value="0"/>
    <TC Value="0"/>
    <TC Value="0"/>
    <TC Value="0"/>
    <TC Value="0"/>
   </TR>
   <TR>
    <TC Value="10"/>
    <TC Value="1"/>
    <TC Value="0"/>
    <TC Value="0"/>
    <TC Value="0"/>
    <TC Value="0"/>
    <TC Value="0"/>
    <TC Value="0"/>
    <TC Value="0"/>
    <TC Value="0"/>
   </TR>
   <TR>
    <TC Value="11"/>
    <TC Value="1"/>
    <TC Value="0"/>
    <TC Value="2444"/>
    <TC Value="0"/>
    <TC Value="0"/>
    <TC Value="0"/>
    <TC Value="0"/>
    <TC Value="0"/>
    <TC Value="0"/>
   </TR>
   <TR>
    <TC Value="11"/>
    <TC Value="1"/>
    <TC Value="2607"/>
    <TC Value="0"/>
    <TC Value="0"/>
    <TC Value="0"/>
    <TC Value="0"/>
    <TC Value="0"/>
    <TC Value="1812"/>
    <TC Value="1"/>
   </TR>
   <TR>
    <TC Value="11"/>
    <TC Value="1"/>
    <TC Value="0"/>
    <TC Value="0"/>
    <TC Value="0"/>
    <TC Value="0"/>
    <TC Value="0"/>
    <TC Value="0"/>
    <TC Value="0"/>
    <TC Value="0"/>
   </TR>
   <TR>
    <TC Value="11"/>
    <TC Value="1"/>
    <TC Value="0"/>
    <TC Value="0"/>
    <TC Value="0"/>
    <TC Value="0"/>
    <TC Value="0"/>
    <TC Value="0"/>
    <TC Value="0"/>
    <TC Value="0"/>
   </TR>
   <TR>
    <TC Value="12"/>
    <TC Value="1"/>
    <TC Value="0"/>
    <TC Value="3252"/>
    <TC Value="0"/>
    <TC Value="0"/>
    <TC Value="0"/>
    <TC Value="0"/>
    <TC Value="0"/>
    <TC Value="0"/>
   </TR>
   <TR>
    <TC Value="12"/>
    <TC Value="1"/>
    <TC Value="3492"/>
    <TC Value="0"/>
    <TC Value="0"/>
    <TC Value="0"/>
    <TC Value="0"/>
    <TC Value="0"/>
    <TC Value="2418"/>
    <TC Value="0"/>
   </TR>
   <TR>
    <TC Value="12"/>
    <TC Value="1"/>
    <TC Value="0"/>
    <TC Value="0"/>
    <TC Value="0"/>
    <TC Value="0"/>
    <TC Value="0"/>
    <TC Value="0"/>
    <TC Value="0"/>
    <TC Value="0"/>
   </TR>
   <TR>
    <TC Value="12"/>
    <TC Value="1"/>
    <TC Value="0"/>
    <TC Value="0"/>
    <TC Value="0"/>
    <TC Value="0"/>
    <TC Value="0"/>
    <TC Value="0"/>
    <TC Value="0"/>
    <TC Value="0"/>
   </TR>
   <TR>
    <TC Value="13"/>
    <TC Value="1"/>
    <TC Value="0"/>
    <TC Value="3036"/>
    <TC Value="0"/>
    <TC Value="0"/>
    <TC Value="0"/>
    <TC Value="0"/>
    <TC Value="0"/>
    <TC Value="0"/>
   </TR>
   <TR>
    <TC Value="13"/>
    <TC Value="1"/>
    <TC Value="3226"/>
    <TC Value="0"/>
    <TC Value="0"/>
    <TC Value="0"/>
    <TC Value="0"/>
    <TC Value="0"/>
    <TC Value="2218"/>
    <TC Value="0"/>
   </TR>
   <TR>
    <TC Value="13"/>
    <TC Value="1"/>
    <TC Value="0"/>
    <TC Value="0"/>
    <TC Value="0"/>
    <TC Value="0"/>
    <TC Value="0"/>
    <TC Value="0"/>
    <TC Value="0"/>
    <TC Value="0"/>
   </TR>
   <TR>
    <TC Value="13"/>
    <TC Value="1"/>
    <TC Value="0"/>
    <TC Value="0"/>
    <TC Value="0"/>
    <TC Value="0"/>
    <TC Value="0"/>
    <TC Value="0"/>
    <TC Value="0"/>
    <TC Value="0"/>
   </TR>
  </TABLE>
 </MENU>
 <MENU Name="Switch Mac address table">
  <MENU Name="L2_SWITCH_6">
   <TABLE name="L2_SWITCH_6_0">
    <TH name="Mac Address" isShow="true"/>
    <TH name="Type" isShow="true"/>
    <TH name="OutPort" isShow="true"/>
    <TR>
     <TC Value="AF1D00000701"/>
     <TC Value="Dynamic"/>
     <TC Value="1"/>
    </TR>
    <TR>
     <TC Value="AF1D00000101"/>
     <TC Value="Dynamic"/>
     <TC Value="2"/>
    </TR>
    <TR>
     <TC Value="AF1D00000901"/>
     <TC Value="Dynamic"/>
     <TC Value="2"/>
    </TR>
    <TR>
     <TC Value="AF1D00000201"/>
     <TC Value="Dynamic"/>
     <TC Value="2"/>
    </TR>
    <TR>
     <TC Value="AF1D00000b01"/>
     <TC Value="Dynamic"/>
     <TC Value="2"/>
    </TR>
    <TR>
     <TC Value="AF1D00000401"/>
     <TC Value="Dynamic"/>
     <TC Value="2"/>
    </TR>
    <TR>
     <TC Value="AF1D00000d01"/>
     <TC Value="Dynamic"/>
     <TC Value="2"/>
    </TR>
    <TR>
     <TC Value="AF1D00000801"/>
     <TC Value="Dynamic"/>
     <TC Value="2"/>
    </TR>
    <TR>
     <TC Value="AF1D00000301"/>
     <TC Value="Dynamic"/>
     <TC Value="2"/>
    </TR>
    <TR>
     <TC Value="AF1D00000c01"/>
     <TC Value="Dynamic"/>
     <TC Value="2"/>
    </TR>
    <TR>
     <TC Value="AF1D00000501"/>
     <TC Value="Dynamic"/>
     <TC Value="2"/>
    </TR>
    <TR>
     <TC Value="AF1D00000a01"/>
     <TC Value="Dynamic"/>
     <TC Value="2"/>
    </TR>
   </TABLE>
  </MENU>
 </MENU>
 <MENU Name="Application_Metrics">
  <TABLE name="Application_Metrics">
   <TH name="Application ID" isShow="true"/>
   <TH name="Application Name" isShow="true"/>
   <TH name="Source ID" isShow="false"/>
   <TH name="Destination ID" isShow="false"/>
   <TH name="Packets Generated" isShow="true"/>
   <TH name="Packets Received" isShow="true"/>
   <TH name="Payload generated (bytes)" isShow="false"/>
   <TH name="Payload received (bytes)" isShow="false"/>
   <TH name="Throughput (Mbps)" isShow="true"/>
   <TH name="Delay (microsecond)" isShow="true"/>
   <TH name="Jitter (microsecond)" isShow="true"/>
   <TR>
    <TC Value="1"/>
    <TC Value="App1_CBR"/>
    <TC Value="2"/>
    <TC Value="7"/>
    <TC Value="5000"/>
    <TC Value="4837"/>
    <TC Value="7300000"/>
    <TC Value="7062020"/>
    <TC Value="0.564962"/>
    <TC Value="816206.931320"/>
    <TC Value="7733.847699"/>
   </TR>
   <TR>
    <TC Value="2"/>
    <TC Value="App2_CBR"/>
    <TC Value="3"/>
    <TC Value="7"/>
    <TC Value="5000"/>
    <TC Value="4845"/>
    <TC Value="7300000"/>
    <TC Value="7073700"/>
    <TC Value="0.565896"/>
    <TC Value="816741.814439"/>
    <TC Value="7609.624156"/>
   </TR>
   <TR>
    <TC Value="3"/>
    <TC Value="App3_CBR"/>
    <TC Value="4"/>
    <TC Value="7"/>
    <TC Value="5000"/>
    <TC Value="4846"/>
    <TC Value="7300000"/>
    <TC Value="7075160"/>
    <TC Value="0.566013"/>
    <TC Value="815999.306603"/>
    <TC Value="7610.413463"/>
   </TR>
   <TR>
    <TC Value="4"/>
    <TC Value="App4_CBR"/>
    <TC Value="5"/>
    <TC Value="7"/>
    <TC Value="5000"/>
    <TC Value="4847"/>
    <TC Value="7300000"/>
    <TC Value="7076620"/>
    <TC Value="0.566130"/>
    <TC Value="815904.850043"/>
    <TC Value="7524.725029"/>
   </TR>
   <TR>
    <TC Value="5"/>
    <TC Value="App5_CBR"/>
    <TC Value="8"/>
    <TC Value="7"/>
    <TC Value="5000"/>
    <TC Value="4851"/>
    <TC Value="7300000"/>
    <TC Value="7082460"/>
    <TC Value="0.566597"/>
    <TC Value="815559.503211"/>
    <TC Value="7617.122200"/>
   </TR>
   <TR>
    <TC Value="6"/>
    <TC Value="App6_CBR"/>
    <TC Value="9"/>
    <TC Value="7"/>
    <TC Value="5000"/>
    <TC Value="4852"/>
    <TC Value="7300000"/>
    <TC Value="7083920"/>
    <TC Value="0.566714"/>
    <TC Value="817091.610164"/>
    <TC Value="7652.082117"/>
   </TR>
   <TR>
    <TC Value="7"/>
    <TC Value="App7_CBR"/>
    <TC Value="10"/>
    <TC Value="7"/>
    <TC Value="5000"/>
    <TC Value="3264"/>
    <TC Value="7300000"/>
    <TC Value="4765440"/>
    <TC Value="0.381235"/>
    <TC Value="15009472.139507"/>
    <TC Value="33282.320613"/>
   </TR>
   <TR>
    <TC Value="8"/>
    <TC Value="App8_CBR"/>
    <TC Value="11"/>
    <TC Value="7"/>
    <TC Value="5000"/>
    <TC Value="2454"/>
    <TC Value="7300000"/>
    <TC Value="3582840"/>
    <TC Value="0.286627"/>
    <TC Value="21948319.800919"/>
    <TC Value="45228.182495"/>
   </TR>
   <TR>
    <TC Value="9"/>
    <TC Value="App9_CBR"/>
    <TC Value="12"/>
    <TC Value="7"/>
    <TC Value="5000"/>
    <TC Value="3267"/>
    <TC Value="7300000"/>
    <TC Value="4769820"/>
    <TC Value="0.381586"/>
    <TC Value="19709947.119325"/>
    <TC Value="35146.919388"/>
   </TR>
   <TR>
    <TC Value="10"/>
    <TC Value="App10_CBR"/>
    <TC Value="13"/>
    <TC Value="7"/>
    <TC Value="5000"/>
    <TC Value="3052"/>
    <TC Value="7300000"/>
    <TC Value="4455920"/>
    <TC Value="0.356474"/>
    <TC Value="17631871.517010"/>
    <TC Value="37009.024923"/>
   </TR>
  </TABLE>
 </MENU>
</NetSim_Metrics>
