<?xml version="1.0" encoding="ISO-8859-1"?>
<NetSim_Metrics>
 <!--NETSIM_METRICS-->
 <MENU Name="Link_Metrics">
  <TABLE name="Link_Metrics">
   <TH name="Link ID" isShow="true"/>
   <TH name="Link Throughput Plot" isShow="true"/>
   <TH name="Packets Transmitted" isShow="true">
    <TH name="Data"/>
    <TH name="Control"/>
   </TH>
   <TH name="Packets Errored" isShow="true">
    <TH name="Data"/>
    <TH name="Control"/>
   </TH>
   <TH name="Packets Collided" isShow="true">
    <TH name="Data"/>
    <TH name="Control"/>
   </TH>
   <TH name="Bytes Transmitted(bytes)" isShow="false"/>
   <TH name="Payload Transmitted(bytes)" isShow="false"/>
   <TH name="Overhead Transmitted(bytes)" isShow="false"/>
   <TR>
    <TC Value="All"/>
    <TC Value="NA"/>
    <TC Value="93585"/>
    <TC Value="580"/>
    <TC Value="0"/>
    <TC Value="0"/>
    <TC Value="0"/>
    <TC Value="0"/>
    <TC Value="137387420"/>
    <TC Value="136634100"/>
    <TC Value="753320"/>
   </TR>
   <TR>
    <TC Value="1"/>
    <TC Value="NA"/>
    <TC Value="39678"/>
    <TC Value="206"/>
    <TC Value="0"/>
    <TC Value="0"/>
    <TC Value="0"/>
    <TC Value="0"/>
    <TC Value="58248952"/>
    <TC Value="57929880"/>
    <TC Value="319072"/>
   </TR>
   <TR>
    <TC Value="2"/>
    <TC Value="NA"/>
    <TC Value="0"/>
    <TC Value="0"/>
    <TC Value="0"/>
    <TC Value="0"/>
    <TC Value="0"/>
    <TC Value="0"/>
    <TC Value="0"/>
    <TC Value="0"/>
    <TC Value="0"/>
   </TR>
   <TR>
    <TC Value="3"/>
    <TC Value="NA"/>
    <TC Value="20158"/>
    <TC Value="284"/>
    <TC Value="0"/>
    <TC Value="0"/>
    <TC Value="0"/>
    <TC Value="0"/>
    <TC Value="29594216"/>
    <TC Value="29430680"/>
    <TC Value="163536"/>
   </TR>
   <TR>
    <TC Value="4"/>
    <TC Value="NA"/>
    <TC Value="0"/>
    <TC Value="0"/>
    <TC Value="0"/>
    <TC Value="0"/>
    <TC Value="0"/>
    <TC Value="0"/>
    <TC Value="0"/>
    <TC Value="0"/>
    <TC Value="0"/>
   </TR>
   <TR>
    <TC Value="5"/>
    <TC Value="NA"/>
    <TC Value="33749"/>
    <TC Value="90"/>
    <TC Value="0"/>
    <TC Value="0"/>
    <TC Value="0"/>
    <TC Value="0"/>
    <TC Value="49544252"/>
    <TC Value="49273540"/>
    <TC Value="270712"/>
   </TR>
   <TR>
    <TC Value="6"/>
    <TC Value="NA"/>
    <TC Value="0"/>
    <TC Value="0"/>
    <TC Value="0"/>
    <TC Value="0"/>
    <TC Value="0"/>
    <TC Value="0"/>
    <TC Value="0"/>
    <TC Value="0"/>
    <TC Value="0"/>
   </TR>
  </TABLE>
 </MENU>
 <MENU Name="Queue_Metrics">
  <TABLE name="Queue_Metrics">
   <TH name="Device_id" isShow="true"/>
   <TH name="Port_id" isShow="true"/>
   <TH name="Queued_packet" isShow="true"/>
   <TH name="Dequeued_packet" isShow="true"/>
   <TH name="Dropped_packet" isShow="true"/>
  </TABLE>
 </MENU>
 <MENU Name="TCP_Metrics">
  <TABLE name="TCP_Metrics">
   <TH name="Source" isShow="true"/>
   <TH name="Destination" isShow="true"/>
   <TH name="Local Address" isShow="false"/>
   <TH name="Remote Address" isShow="false"/>
   <TH name="Syn Sent" isShow="false"/>
   <TH name="Syn-Ack Sent" isShow="false"/>
   <TH name="Segment Sent" isShow="true"/>
   <TH name="Segment Received" isShow="true"/>
   <TH name="Segment Retransmitted" isShow="false"/>
   <TH name="Ack Sent" isShow="true"/>
   <TH name="Ack Received" isShow="true"/>
   <TH name="Duplicate segment received" isShow="false"/>
   <TH name="Out of order segment received" isShow="false"/>
   <TH name="Duplicate ack received" isShow="true"/>
   <TH name="Times RTO expired" isShow="false"/>
   <TR>
    <TC Value="EPC_1"/>
    <TC Value="ANY_DEVICE"/>
    <TC Value="11.1.1.1:0"/>
    <TC Value="0.0.0.0:0"/>
    <TC Value="0"/>
    <TC Value="0"/>
    <TC Value="0"/>
    <TC Value="0"/>
    <TC Value="0"/>
    <TC Value="0"/>
    <TC Value="0"/>
    <TC Value="0"/>
    <TC Value="0"/>
    <TC Value="0"/>
    <TC Value="0"/>
   </TR>
   <TR>
    <TC Value="UE_5"/>
    <TC Value="ANY_DEVICE"/>
    <TC Value="11.1.1.2:0"/>
    <TC Value="0.0.0.0:0"/>
    <TC Value="0"/>
    <TC Value="0"/>
    <TC Value="0"/>
    <TC Value="0"/>
    <TC Value="0"/>
    <TC Value="0"/>
    <TC Value="0"/>
    <TC Value="0"/>
    <TC Value="0"/>
    <TC Value="0"/>
    <TC Value="0"/>
   </TR>
   <TR>
    <TC Value="UE_6"/>
    <TC Value="ANY_DEVICE"/>
    <TC Value="11.1.1.3:0"/>
    <TC Value="0.0.0.0:0"/>
    <TC Value="0"/>
    <TC Value="0"/>
    <TC Value="0"/>
    <TC Value="0"/>
    <TC Value="0"/>
    <TC Value="0"/>
    <TC Value="0"/>
    <TC Value="0"/>
    <TC Value="0"/>
    <TC Value="0"/>
    <TC Value="0"/>
   </TR>
   <TR>
    <TC Value="UE_7"/>
    <TC Value="ANY_DEVICE"/>
    <TC Value="11.1.1.4:0"/>
    <TC Value="0.0.0.0:0"/>
    <TC Value="0"/>
    <TC Value="0"/>
    <TC Value="0"/>
    <TC Value="0"/>
    <TC Value="0"/>
    <TC Value="0"/>
    <TC Value="0"/>
    <TC Value="0"/>
    <TC Value="0"/>
    <TC Value="0"/>
    <TC Value="0"/>
   </TR>
   <TR>
    <TC Value="UE_8"/>
    <TC Value="ANY_DEVICE"/>
    <TC Value="11.1.1.5:0"/>
    <TC Value="0.0.0.0:0"/>
    <TC Value="0"/>
    <TC Value="0"/>
    <TC Value="0"/>
    <TC Value="0"/>
    <TC Value="0"/>
    <TC Value="0"/>
    <TC Value="0"/>
    <TC Value="0"/>
    <TC Value="0"/>
    <TC Value="0"/>
    <TC Value="0"/>
   </TR>
   <TR>
    <TC Value="UE_9"/>
    <TC Value="ANY_DEVICE"/>
    <TC Value="11.2.1.2:0"/>
    <TC Value="0.0.0.0:0"/>
    <TC Value="0"/>
    <TC Value="0"/>
    <TC Value="0"/>
    <TC Value="0"/>
    <TC Value="0"/>
    <TC Value="0"/>
    <TC Value="0"/>
    <TC Value="0"/>
    <TC Value="0"/>
    <TC Value="0"/>
    <TC Value="0"/>
   </TR>
   <TR>
    <TC Value="UE_10"/>
    <TC Value="ANY_DEVICE"/>
    <TC Value="11.2.1.3:0"/>
    <TC Value="0.0.0.0:0"/>
    <TC Value="0"/>
    <TC Value="0"/>
    <TC Value="0"/>
    <TC Value="0"/>
    <TC Value="0"/>
    <TC Value="0"/>
    <TC Value="0"/>
    <TC Value="0"/>
    <TC Value="0"/>
    <TC Value="0"/>
    <TC Value="0"/>
   </TR>
   <TR>
    <TC Value="UE_11"/>
    <TC Value="ANY_DEVICE"/>
    <TC Value="11.2.1.4:0"/>
    <TC Value="0.0.0.0:0"/>
    <TC Value="0"/>
    <TC Value="0"/>
    <TC Value="0"/>
    <TC Value="0"/>
    <TC Value="0"/>
    <TC Value="0"/>
    <TC Value="0"/>
    <TC Value="0"/>
    <TC Value="0"/>
    <TC Value="0"/>
    <TC Value="0"/>
   </TR>
   <TR>
    <TC Value="UE_12"/>
    <TC Value="ANY_DEVICE"/>
    <TC Value="11.2.1.5:0"/>
    <TC Value="0.0.0.0:0"/>
    <TC Value="0"/>
    <TC Value="0"/>
    <TC Value="0"/>
    <TC Value="0"/>
    <TC Value="0"/>
    <TC Value="0"/>
    <TC Value="0"/>
    <TC Value="0"/>
    <TC Value="0"/>
    <TC Value="0"/>
    <TC Value="0"/>
   </TR>
   <TR>
    <TC Value="UE_13"/>
    <TC Value="ANY_DEVICE"/>
    <TC Value="11.3.1.3:0"/>
    <TC Value="0.0.0.0:0"/>
    <TC Value="0"/>
    <TC Value="0"/>
    <TC Value="0"/>
    <TC Value="0"/>
    <TC Value="0"/>
    <TC Value="0"/>
    <TC Value="0"/>
    <TC Value="0"/>
    <TC Value="0"/>
    <TC Value="0"/>
    <TC Value="0"/>
   </TR>
   <TR>
    <TC Value="UE_14"/>
    <TC Value="ANY_DEVICE"/>
    <TC Value="11.3.1.4:0"/>
    <TC Value="0.0.0.0:0"/>
    <TC Value="0"/>
    <TC Value="0"/>
    <TC Value="0"/>
    <TC Value="0"/>
    <TC Value="0"/>
    <TC Value="0"/>
    <TC Value="0"/>
    <TC Value="0"/>
    <TC Value="0"/>
    <TC Value="0"/>
    <TC Value="0"/>
   </TR>
   <TR>
    <TC Value="UE_15"/>
    <TC Value="ANY_DEVICE"/>
    <TC Value="11.3.1.5:0"/>
    <TC Value="0.0.0.0:0"/>
    <TC Value="0"/>
    <TC Value="0"/>
    <TC Value="0"/>
    <TC Value="0"/>
    <TC Value="0"/>
    <TC Value="0"/>
    <TC Value="0"/>
    <TC Value="0"/>
    <TC Value="0"/>
    <TC Value="0"/>
    <TC Value="0"/>
   </TR>
   <TR>
    <TC Value="UE_16"/>
    <TC Value="ANY_DEVICE"/>
    <TC Value="11.3.1.2:0"/>
    <TC Value="0.0.0.0:0"/>
    <TC Value="0"/>
    <TC Value="0"/>
    <TC Value="0"/>
    <TC Value="0"/>
    <TC Value="0"/>
    <TC Value="0"/>
    <TC Value="0"/>
    <TC Value="0"/>
    <TC Value="0"/>
    <TC Value="0"/>
    <TC Value="0"/>
   </TR>
  </TABLE>
 </MENU>
 <MENU Name="IP_Metrics">
  <TABLE name="IP_Metrics">
   <TH name="Device Id" isShow="true"/>
   <TH name="Packet sent" isShow="true"/>
   <TH name="Packet forwarded" isShow="true"/>
   <TH name="Packet received" isShow="true"/>
   <TH name="Packet discarded" isShow="false"/>
   <TH name="TTL expired" isShow="false"/>
   <TH name="Firewall blocked" isShow="false"/>
   <TR>
    <TC Value="1"/>
    <TC Value="43637"/>
    <TC Value="43637"/>
    <TC Value="0"/>
    <TC Value="0"/>
    <TC Value="0"/>
    <TC Value="0"/>
   </TR>
   <TR>
    <TC Value="5"/>
    <TC Value="10000"/>
    <TC Value="0"/>
    <TC Value="0"/>
    <TC Value="0"/>
    <TC Value="0"/>
    <TC Value="0"/>
   </TR>
   <TR>
    <TC Value="6"/>
    <TC Value="10000"/>
    <TC Value="0"/>
    <TC Value="0"/>
    <TC Value="0"/>
    <TC Value="0"/>
    <TC Value="0"/>
   </TR>
   <TR>
    <TC Value="7"/>
    <TC Value="5000"/>
    <TC Value="0"/>
    <TC Value="0"/>
    <TC Value="0"/>
    <TC Value="0"/>
    <TC Value="0"/>
   </TR>
   <TR>
    <TC Value="8"/>
    <TC Value="5000"/>
    <TC Value="0"/>
    <TC Value="0"/>
    <TC Value="0"/>
    <TC Value="0"/>
    <TC Value="0"/>
   </TR>
   <TR>
    <TC Value="9"/>
    <TC Value="5000"/>
    <TC Value="0"/>
    <TC Value="4995"/>
    <TC Value="0"/>
    <TC Value="0"/>
    <TC Value="0"/>
   </TR>
   <TR>
    <TC Value="10"/>
    <TC Value="5000"/>
    <TC Value="0"/>
    <TC Value="0"/>
    <TC Value="0"/>
    <TC Value="0"/>
    <TC Value="0"/>
   </TR>
   <TR>
    <TC Value="11"/>
    <TC Value="5000"/>
    <TC Value="0"/>
    <TC Value="4995"/>
    <TC Value="0"/>
    <TC Value="0"/>
    <TC Value="0"/>
   </TR>
   <TR>
    <TC Value="12"/>
    <TC Value="5000"/>
    <TC Value="0"/>
    <TC Value="0"/>
    <TC Value="0"/>
    <TC Value="0"/>
    <TC Value="0"/>
   </TR>
   <TR>
    <TC Value="13"/>
    <TC Value="0"/>
    <TC Value="0"/>
    <TC Value="9588"/>
    <TC Value="0"/>
    <TC Value="0"/>
    <TC Value="0"/>
   </TR>
   <TR>
    <TC Value="14"/>
    <TC Value="0"/>
    <TC Value="0"/>
    <TC Value="4224"/>
    <TC Value="0"/>
    <TC Value="0"/>
    <TC Value="0"/>
   </TR>
   <TR>
    <TC Value="15"/>
    <TC Value="0"/>
    <TC Value="0"/>
    <TC Value="9883"/>
    <TC Value="0"/>
    <TC Value="0"/>
    <TC Value="0"/>
   </TR>
   <TR>
    <TC Value="16"/>
    <TC Value="0"/>
    <TC Value="0"/>
    <TC Value="9936"/>
    <TC Value="0"/>
    <TC Value="0"/>
    <TC Value="0"/>
   </TR>
  </TABLE>
 </MENU>
 <MENU Name="IP_Forwarding_Table">
  <MENU Name="EPC_1">
   <TABLE name="EPC_1">
    <TH name="Network Destination" isShow="true"/>
    <TH name="Netmask/Prefix len" isShow="true"/>
    <TH name="Gateway" isShow="true"/>
    <TH name="Interface" isShow="true"/>
    <TH name="Metrics" isShow="false"/>
    <TH name="Type" isShow="false"/>
    <TR>
     <TC Value="11.3.0.0"/>
     <TC Value="255.255.0.0"/>
     <TC Value="on-link"/>
     <TC Value="11.3.1.1 "/>
     <TC Value="300"/>
     <TC Value="LOCAL"/>
    </TR>
    <TR>
     <TC Value="11.2.0.0"/>
     <TC Value="255.255.0.0"/>
     <TC Value="on-link"/>
     <TC Value="11.2.1.1 "/>
     <TC Value="300"/>
     <TC Value="LOCAL"/>
    </TR>
    <TR>
     <TC Value="11.1.0.0"/>
     <TC Value="255.255.0.0"/>
     <TC Value="on-link"/>
     <TC Value="11.1.1.1 "/>
     <TC Value="300"/>
     <TC Value="LOCAL"/>
    </TR>
    <TR>
     <TC Value="224.0.0.1"/>
     <TC Value="255.255.255.255"/>
     <TC Value="on-link"/>
     <TC Value="11.1.1.1 11.2.1.1 11.3.1.1 "/>
     <TC Value="306"/>
     <TC Value="MULTICAST"/>
    </TR>
    <TR>
     <TC Value="224.0.0.0"/>
     <TC Value="240.0.0.0"/>
     <TC Value="on-link"/>
     <TC Value="11.1.1.1 11.2.1.1 11.3.1.1 "/>
     <TC Value="306"/>
     <TC Value="MULTICAST"/>
    </TR>
    <TR>
     <TC Value="255.255.255.255"/>
     <TC Value="255.255.255.255"/>
     <TC Value="on-link"/>
     <TC Value="11.3.1.1 "/>
     <TC Value="999"/>
     <TC Value="BROADCAST"/>
    </TR>
    <TR>
     <TC Value="255.255.255.255"/>
     <TC Value="255.255.255.255"/>
     <TC Value="on-link"/>
     <TC Value="11.2.1.1 "/>
     <TC Value="999"/>
     <TC Value="BROADCAST"/>
    </TR>
    <TR>
     <TC Value="255.255.255.255"/>
     <TC Value="255.255.255.255"/>
     <TC Value="on-link"/>
     <TC Value="11.1.1.1 "/>
     <TC Value="999"/>
     <TC Value="BROADCAST"/>
    </TR>
   </TABLE>
  </MENU>
  <MENU Name="UE_5">
   <TABLE name="UE_5">
    <TH name="Network Destination" isShow="true"/>
    <TH name="Netmask/Prefix len" isShow="true"/>
    <TH name="Gateway" isShow="true"/>
    <TH name="Interface" isShow="true"/>
    <TH name="Metrics" isShow="false"/>
    <TH name="Type" isShow="false"/>
    <TR>
     <TC Value="224.0.0.1"/>
     <TC Value="255.255.255.255"/>
     <TC Value="on-link"/>
     <TC Value="11.1.1.2 "/>
     <TC Value="306"/>
     <TC Value="MULTICAST"/>
    </TR>
    <TR>
     <TC Value="224.0.0.0"/>
     <TC Value="240.0.0.0"/>
     <TC Value="on-link"/>
     <TC Value="11.1.1.2 "/>
     <TC Value="306"/>
     <TC Value="MULTICAST"/>
    </TR>
    <TR>
     <TC Value="255.255.255.255"/>
     <TC Value="255.255.255.255"/>
     <TC Value="on-link"/>
     <TC Value="11.1.1.2 "/>
     <TC Value="999"/>
     <TC Value="BROADCAST"/>
    </TR>
    <TR>
     <TC Value="0.0.0.0"/>
     <TC Value="0.0.0.0"/>
     <TC Value="11.3.1.1"/>
     <TC Value="11.1.1.2 "/>
     <TC Value="999"/>
     <TC Value="DEFAULT"/>
    </TR>
   </TABLE>
  </MENU>
  <MENU Name="UE_6">
   <TABLE name="UE_6">
    <TH name="Network Destination" isShow="true"/>
    <TH name="Netmask/Prefix len" isShow="true"/>
    <TH name="Gateway" isShow="true"/>
    <TH name="Interface" isShow="true"/>
    <TH name="Metrics" isShow="false"/>
    <TH name="Type" isShow="false"/>
    <TR>
     <TC Value="224.0.0.1"/>
     <TC Value="255.255.255.255"/>
     <TC Value="on-link"/>
     <TC Value="11.1.1.3 "/>
     <TC Value="306"/>
     <TC Value="MULTICAST"/>
    </TR>
    <TR>
     <TC Value="224.0.0.0"/>
     <TC Value="240.0.0.0"/>
     <TC Value="on-link"/>
     <TC Value="11.1.1.3 "/>
     <TC Value="306"/>
     <TC Value="MULTICAST"/>
    </TR>
    <TR>
     <TC Value="255.255.255.255"/>
     <TC Value="255.255.255.255"/>
     <TC Value="on-link"/>
     <TC Value="11.1.1.3 "/>
     <TC Value="999"/>
     <TC Value="BROADCAST"/>
    </TR>
    <TR>
     <TC Value="0.0.0.0"/>
     <TC Value="0.0.0.0"/>
     <TC Value="11.3.1.1"/>
     <TC Value="11.1.1.3 "/>
     <TC Value="999"/>
     <TC Value="DEFAULT"/>
    </TR>
   </TABLE>
  </MENU>
  <MENU Name="UE_7">
   <TABLE name="UE_7">
    <TH name="Network Destination" isShow="true"/>
    <TH name="Netmask/Prefix len" isShow="true"/>
    <TH name="Gateway" isShow="true"/>
    <TH name="Interface" isShow="true"/>
    <TH name="Metrics" isShow="false"/>
    <TH name="Type" isShow="false"/>
    <TR>
     <TC Value="224.0.0.1"/>
     <TC Value="255.255.255.255"/>
     <TC Value="on-link"/>
     <TC Value="11.1.1.4 "/>
     <TC Value="306"/>
     <TC Value="MULTICAST"/>
    </TR>
    <TR>
     <TC Value="224.0.0.0"/>
     <TC Value="240.0.0.0"/>
     <TC Value="on-link"/>
     <TC Value="11.1.1.4 "/>
     <TC Value="306"/>
     <TC Value="MULTICAST"/>
    </TR>
    <TR>
     <TC Value="255.255.255.255"/>
     <TC Value="255.255.255.255"/>
     <TC Value="on-link"/>
     <TC Value="11.1.1.4 "/>
     <TC Value="999"/>
     <TC Value="BROADCAST"/>
    </TR>
    <TR>
     <TC Value="0.0.0.0"/>
     <TC Value="0.0.0.0"/>
     <TC Value="11.3.1.1"/>
     <TC Value="11.1.1.4 "/>
     <TC Value="999"/>
     <TC Value="DEFAULT"/>
    </TR>
   </TABLE>
  </MENU>
  <MENU Name="UE_8">
   <TABLE name="UE_8">
    <TH name="Network Destination" isShow="true"/>
    <TH name="Netmask/Prefix len" isShow="true"/>
    <TH name="Gateway" isShow="true"/>
    <TH name="Interface" isShow="true"/>
    <TH name="Metrics" isShow="false"/>
    <TH name="Type" isShow="false"/>
    <TR>
     <TC Value="224.0.0.1"/>
     <TC Value="255.255.255.255"/>
     <TC Value="on-link"/>
     <TC Value="11.1.1.5 "/>
     <TC Value="306"/>
     <TC Value="MULTICAST"/>
    </TR>
    <TR>
     <TC Value="224.0.0.0"/>
     <TC Value="240.0.0.0"/>
     <TC Value="on-link"/>
     <TC Value="11.1.1.5 "/>
     <TC Value="306"/>
     <TC Value="MULTICAST"/>
    </TR>
    <TR>
     <TC Value="255.255.255.255"/>
     <TC Value="255.255.255.255"/>
     <TC Value="on-link"/>
     <TC Value="11.1.1.5 "/>
     <TC Value="999"/>
     <TC Value="BROADCAST"/>
    </TR>
    <TR>
     <TC Value="0.0.0.0"/>
     <TC Value="0.0.0.0"/>
     <TC Value="11.3.1.1"/>
     <TC Value="11.1.1.5 "/>
     <TC Value="999"/>
     <TC Value="DEFAULT"/>
    </TR>
   </TABLE>
  </MENU>
  <MENU Name="UE_9">
   <TABLE name="UE_9">
    <TH name="Network Destination" isShow="true"/>
    <TH name="Netmask/Prefix len" isShow="true"/>
    <TH name="Gateway" isShow="true"/>
    <TH name="Interface" isShow="true"/>
    <TH name="Metrics" isShow="false"/>
    <TH name="Type" isShow="false"/>
    <TR>
     <TC Value="224.0.0.1"/>
     <TC Value="255.255.255.255"/>
     <TC Value="on-link"/>
     <TC Value="11.2.1.2 "/>
     <TC Value="306"/>
     <TC Value="MULTICAST"/>
    </TR>
    <TR>
     <TC Value="224.0.0.0"/>
     <TC Value="240.0.0.0"/>
     <TC Value="on-link"/>
     <TC Value="11.2.1.2 "/>
     <TC Value="306"/>
     <TC Value="MULTICAST"/>
    </TR>
    <TR>
     <TC Value="255.255.255.255"/>
     <TC Value="255.255.255.255"/>
     <TC Value="on-link"/>
     <TC Value="11.2.1.2 "/>
     <TC Value="999"/>
     <TC Value="BROADCAST"/>
    </TR>
    <TR>
     <TC Value="0.0.0.0"/>
     <TC Value="0.0.0.0"/>
     <TC Value="11.3.1.1"/>
     <TC Value="11.2.1.2 "/>
     <TC Value="999"/>
     <TC Value="DEFAULT"/>
    </TR>
   </TABLE>
  </MENU>
  <MENU Name="UE_10">
   <TABLE name="UE_10">
    <TH name="Network Destination" isShow="true"/>
    <TH name="Netmask/Prefix len" isShow="true"/>
    <TH name="Gateway" isShow="true"/>
    <TH name="Interface" isShow="true"/>
    <TH name="Metrics" isShow="false"/>
    <TH name="Type" isShow="false"/>
    <TR>
     <TC Value="224.0.0.1"/>
     <TC Value="255.255.255.255"/>
     <TC Value="on-link"/>
     <TC Value="11.2.1.3 "/>
     <TC Value="306"/>
     <TC Value="MULTICAST"/>
    </TR>
    <TR>
     <TC Value="224.0.0.0"/>
     <TC Value="240.0.0.0"/>
     <TC Value="on-link"/>
     <TC Value="11.2.1.3 "/>
     <TC Value="306"/>
     <TC Value="MULTICAST"/>
    </TR>
    <TR>
     <TC Value="255.255.255.255"/>
     <TC Value="255.255.255.255"/>
     <TC Value="on-link"/>
     <TC Value="11.2.1.3 "/>
     <TC Value="999"/>
     <TC Value="BROADCAST"/>
    </TR>
    <TR>
     <TC Value="0.0.0.0"/>
     <TC Value="0.0.0.0"/>
     <TC Value="11.3.1.1"/>
     <TC Value="11.2.1.3 "/>
     <TC Value="999"/>
     <TC Value="DEFAULT"/>
    </TR>
   </TABLE>
  </MENU>
  <MENU Name="UE_11">
   <TABLE name="UE_11">
    <TH name="Network Destination" isShow="true"/>
    <TH name="Netmask/Prefix len" isShow="true"/>
    <TH name="Gateway" isShow="true"/>
    <TH name="Interface" isShow="true"/>
    <TH name="Metrics" isShow="false"/>
    <TH name="Type" isShow="false"/>
    <TR>
     <TC Value="224.0.0.1"/>
     <TC Value="255.255.255.255"/>
     <TC Value="on-link"/>
     <TC Value="11.2.1.4 "/>
     <TC Value="306"/>
     <TC Value="MULTICAST"/>
    </TR>
    <TR>
     <TC Value="224.0.0.0"/>
     <TC Value="240.0.0.0"/>
     <TC Value="on-link"/>
     <TC Value="11.2.1.4 "/>
     <TC Value="306"/>
     <TC Value="MULTICAST"/>
    </TR>
    <TR>
     <TC Value="255.255.255.255"/>
     <TC Value="255.255.255.255"/>
     <TC Value="on-link"/>
     <TC Value="11.2.1.4 "/>
     <TC Value="999"/>
     <TC Value="BROADCAST"/>
    </TR>
    <TR>
     <TC Value="0.0.0.0"/>
     <TC Value="0.0.0.0"/>
     <TC Value="11.3.1.1"/>
     <TC Value="11.2.1.4 "/>
     <TC Value="999"/>
     <TC Value="DEFAULT"/>
    </TR>
   </TABLE>
  </MENU>
  <MENU Name="UE_12">
   <TABLE name="UE_12">
    <TH name="Network Destination" isShow="true"/>
    <TH name="Netmask/Prefix len" isShow="true"/>
    <TH name="Gateway" isShow="true"/>
    <TH name="Interface" isShow="true"/>
    <TH name="Metrics" isShow="false"/>
    <TH name="Type" isShow="false"/>
    <TR>
     <TC Value="224.0.0.1"/>
     <TC Value="255.255.255.255"/>
     <TC Value="on-link"/>
     <TC Value="11.2.1.5 "/>
     <TC Value="306"/>
     <TC Value="MULTICAST"/>
    </TR>
    <TR>
     <TC Value="224.0.0.0"/>
     <TC Value="240.0.0.0"/>
     <TC Value="on-link"/>
     <TC Value="11.2.1.5 "/>
     <TC Value="306"/>
     <TC Value="MULTICAST"/>
    </TR>
    <TR>
     <TC Value="255.255.255.255"/>
     <TC Value="255.255.255.255"/>
     <TC Value="on-link"/>
     <TC Value="11.2.1.5 "/>
     <TC Value="999"/>
     <TC Value="BROADCAST"/>
    </TR>
    <TR>
     <TC Value="0.0.0.0"/>
     <TC Value="0.0.0.0"/>
     <TC Value="11.3.1.1"/>
     <TC Value="11.2.1.5 "/>
     <TC Value="999"/>
     <TC Value="DEFAULT"/>
    </TR>
   </TABLE>
  </MENU>
  <MENU Name="UE_13">
   <TABLE name="UE_13">
    <TH name="Network Destination" isShow="true"/>
    <TH name="Netmask/Prefix len" isShow="true"/>
    <TH name="Gateway" isShow="true"/>
    <TH name="Interface" isShow="true"/>
    <TH name="Metrics" isShow="false"/>
    <TH name="Type" isShow="false"/>
    <TR>
     <TC Value="224.0.0.1"/>
     <TC Value="255.255.255.255"/>
     <TC Value="on-link"/>
     <TC Value="11.3.1.3 "/>
     <TC Value="306"/>
     <TC Value="MULTICAST"/>
    </TR>
    <TR>
     <TC Value="224.0.0.0"/>
     <TC Value="240.0.0.0"/>
     <TC Value="on-link"/>
     <TC Value="11.3.1.3 "/>
     <TC Value="306"/>
     <TC Value="MULTICAST"/>
    </TR>
    <TR>
     <TC Value="255.255.255.255"/>
     <TC Value="255.255.255.255"/>
     <TC Value="on-link"/>
     <TC Value="11.3.1.3 "/>
     <TC Value="999"/>
     <TC Value="BROADCAST"/>
    </TR>
    <TR>
     <TC Value="0.0.0.0"/>
     <TC Value="0.0.0.0"/>
     <TC Value="11.3.1.1"/>
     <TC Value="11.3.1.3 "/>
     <TC Value="999"/>
     <TC Value="DEFAULT"/>
    </TR>
   </TABLE>
  </MENU>
  <MENU Name="UE_14">
   <TABLE name="UE_14">
    <TH name="Network Destination" isShow="true"/>
    <TH name="Netmask/Prefix len" isShow="true"/>
    <TH name="Gateway" isShow="true"/>
    <TH name="Interface" isShow="true"/>
    <TH name="Metrics" isShow="false"/>
    <TH name="Type" isShow="false"/>
    <TR>
     <TC Value="224.0.0.1"/>
     <TC Value="255.255.255.255"/>
     <TC Value="on-link"/>
     <TC Value="11.3.1.4 "/>
     <TC Value="306"/>
     <TC Value="MULTICAST"/>
    </TR>
    <TR>
     <TC Value="224.0.0.0"/>
     <TC Value="240.0.0.0"/>
     <TC Value="on-link"/>
     <TC Value="11.3.1.4 "/>
     <TC Value="306"/>
     <TC Value="MULTICAST"/>
    </TR>
    <TR>
     <TC Value="255.255.255.255"/>
     <TC Value="255.255.255.255"/>
     <TC Value="on-link"/>
     <TC Value="11.3.1.4 "/>
     <TC Value="999"/>
     <TC Value="BROADCAST"/>
    </TR>
    <TR>
     <TC Value="0.0.0.0"/>
     <TC Value="0.0.0.0"/>
     <TC Value="11.3.1.1"/>
     <TC Value="11.3.1.4 "/>
     <TC Value="999"/>
     <TC Value="DEFAULT"/>
    </TR>
   </TABLE>
  </MENU>
  <MENU Name="UE_15">
   <TABLE name="UE_15">
    <TH name="Network Destination" isShow="true"/>
    <TH name="Netmask/Prefix len" isShow="true"/>
    <TH name="Gateway" isShow="true"/>
    <TH name="Interface" isShow="true"/>
    <TH name="Metrics" isShow="false"/>
    <TH name="Type" isShow="false"/>
    <TR>
     <TC Value="224.0.0.1"/>
     <TC Value="255.255.255.255"/>
     <TC Value="on-link"/>
     <TC Value="11.3.1.5 "/>
     <TC Value="306"/>
     <TC Value="MULTICAST"/>
    </TR>
    <TR>
     <TC Value="224.0.0.0"/>
     <TC Value="240.0.0.0"/>
     <TC Value="on-link"/>
     <TC Value="11.3.1.5 "/>
     <TC Value="306"/>
     <TC Value="MULTICAST"/>
    </TR>
    <TR>
     <TC Value="255.255.255.255"/>
     <TC Value="255.255.255.255"/>
     <TC Value="on-link"/>
     <TC Value="11.3.1.5 "/>
     <TC Value="999"/>
     <TC Value="BROADCAST"/>
    </TR>
    <TR>
     <TC Value="0.0.0.0"/>
     <TC Value="0.0.0.0"/>
     <TC Value="11.3.1.1"/>
     <TC Value="11.3.1.5 "/>
     <TC Value="999"/>
     <TC Value="DEFAULT"/>
    </TR>
   </TABLE>
  </MENU>
  <MENU Name="UE_16">
   <TABLE name="UE_16">
    <TH name="Network Destination" isShow="true"/>
    <TH name="Netmask/Prefix len" isShow="true"/>
    <TH name="Gateway" isShow="true"/>
    <TH name="Interface" isShow="true"/>
    <TH name="Metrics" isShow="false"/>
    <TH name="Type" isShow="false"/>
    <TR>
     <TC Value="224.0.0.1"/>
     <TC Value="255.255.255.255"/>
     <TC Value="on-link"/>
     <TC Value="11.3.1.2 "/>
     <TC Value="306"/>
     <TC Value="MULTICAST"/>
    </TR>
    <TR>
     <TC Value="224.0.0.0"/>
     <TC Value="240.0.0.0"/>
     <TC Value="on-link"/>
     <TC Value="11.3.1.2 "/>
     <TC Value="306"/>
     <TC Value="MULTICAST"/>
    </TR>
    <TR>
     <TC Value="255.255.255.255"/>
     <TC Value="255.255.255.255"/>
     <TC Value="on-link"/>
     <TC Value="11.3.1.2 "/>
     <TC Value="999"/>
     <TC Value="BROADCAST"/>
    </TR>
    <TR>
     <TC Value="0.0.0.0"/>
     <TC Value="0.0.0.0"/>
     <TC Value="11.3.1.1"/>
     <TC Value="11.3.1.2 "/>
     <TC Value="999"/>
     <TC Value="DEFAULT"/>
    </TR>
   </TABLE>
  </MENU>
 </MENU>
 <MENU Name="UDP Metrics">
  <TABLE name="UDP Metrics">
   <TH name="Device id" isShow="true"/>
   <TH name="Local address" isShow="true"/>
   <TH name="Foreign address" isShow="true"/>
   <TH name="Datagram sent" isShow="true"/>
   <TH name="Datagram received" isShow="true"/>
   <TR>
    <TC Value="5"/>
    <TC Value="11.1.1.2:82"/>
    <TC Value="11.3.1.2:36934"/>
    <TC Value="5000"/>
    <TC Value="0"/>
   </TR>
   <TR>
    <TC Value="5"/>
    <TC Value="11.1.1.2:46562"/>
    <TC Value="11.3.1.5:33654"/>
    <TC Value="5000"/>
    <TC Value="0"/>
   </TR>
   <TR>
    <TC Value="6"/>
    <TC Value="11.1.1.3:12668"/>
    <TC Value="11.3.1.5:53000"/>
    <TC Value="5000"/>
    <TC Value="0"/>
   </TR>
   <TR>
    <TC Value="6"/>
    <TC Value="11.1.1.3:19922"/>
    <TC Value="11.3.1.3:982"/>
    <TC Value="5000"/>
    <TC Value="0"/>
   </TR>
   <TR>
    <TC Value="7"/>
    <TC Value="11.1.1.4:53924"/>
    <TC Value="11.2.1.4:48928"/>
    <TC Value="5000"/>
    <TC Value="0"/>
   </TR>
   <TR>
    <TC Value="8"/>
    <TC Value="11.1.1.5:38338"/>
    <TC Value="11.2.1.2:31448"/>
    <TC Value="5000"/>
    <TC Value="0"/>
   </TR>
   <TR>
    <TC Value="9"/>
    <TC Value="11.2.1.2:5990"/>
    <TC Value="11.3.1.4:23884"/>
    <TC Value="5000"/>
    <TC Value="0"/>
   </TR>
   <TR>
    <TC Value="9"/>
    <TC Value="11.2.1.2:31448"/>
    <TC Value="11.1.1.5:38338"/>
    <TC Value="0"/>
    <TC Value="4995"/>
   </TR>
   <TR>
    <TC Value="10"/>
    <TC Value="11.2.1.3:11410"/>
    <TC Value="11.3.1.4:56290"/>
    <TC Value="5000"/>
    <TC Value="0"/>
   </TR>
   <TR>
    <TC Value="11"/>
    <TC Value="11.2.1.4:9654"/>
    <TC Value="11.3.1.2:10872"/>
    <TC Value="5000"/>
    <TC Value="0"/>
   </TR>
   <TR>
    <TC Value="11"/>
    <TC Value="11.2.1.4:48928"/>
    <TC Value="11.1.1.4:53924"/>
    <TC Value="0"/>
    <TC Value="4995"/>
   </TR>
   <TR>
    <TC Value="12"/>
    <TC Value="11.2.1.5:22956"/>
    <TC Value="11.3.1.3:58716"/>
    <TC Value="5000"/>
    <TC Value="0"/>
   </TR>
   <TR>
    <TC Value="13"/>
    <TC Value="11.3.1.3:58716"/>
    <TC Value="11.2.1.5:22956"/>
    <TC Value="0"/>
    <TC Value="4647"/>
   </TR>
   <TR>
    <TC Value="13"/>
    <TC Value="11.3.1.3:982"/>
    <TC Value="11.1.1.3:19922"/>
    <TC Value="0"/>
    <TC Value="4941"/>
   </TR>
   <TR>
    <TC Value="14"/>
    <TC Value="11.3.1.4:56290"/>
    <TC Value="11.2.1.3:11410"/>
    <TC Value="0"/>
    <TC Value="3433"/>
   </TR>
   <TR>
    <TC Value="14"/>
    <TC Value="11.3.1.4:23884"/>
    <TC Value="11.2.1.2:5990"/>
    <TC Value="0"/>
    <TC Value="791"/>
   </TR>
   <TR>
    <TC Value="15"/>
    <TC Value="11.3.1.5:33654"/>
    <TC Value="11.1.1.2:46562"/>
    <TC Value="0"/>
    <TC Value="4943"/>
   </TR>
   <TR>
    <TC Value="15"/>
    <TC Value="11.3.1.5:53000"/>
    <TC Value="11.1.1.3:12668"/>
    <TC Value="0"/>
    <TC Value="4940"/>
   </TR>
   <TR>
    <TC Value="16"/>
    <TC Value="11.3.1.2:10872"/>
    <TC Value="11.2.1.4:9654"/>
    <TC Value="0"/>
    <TC Value="4994"/>
   </TR>
   <TR>
    <TC Value="16"/>
    <TC Value="11.3.1.2:36934"/>
    <TC Value="11.1.1.2:82"/>
    <TC Value="0"/>
    <TC Value="4942"/>
   </TR>
  </TABLE>
 </MENU>
 <MENU Name="Application_Metrics">
  <TABLE name="Application_Metrics">
   <TH name="Application ID" isShow="true"/>
   <TH name="Application Name" isShow="true"/>
   <TH name="Source ID" isShow="false"/>
   <TH name="Destination ID" isShow="false"/>
   <TH name="Packets Generated" isShow="true"/>
   <TH name="Packets Received" isShow="true"/>
   <TH name="Payload generated (bytes)" isShow="false"/>
   <TH name="Payload received (bytes)" isShow="false"/>
   <TH name="Throughput (Mbps)" isShow="true"/>
   <TH name="Delay (microsecond)" isShow="true"/>
   <TH name="Jitter (microsecond)" isShow="true"/>
   <TR>
    <TC Value="1"/>
    <TC Value="App1_CBR"/>
    <TC Value="5"/>
    <TC Value="16"/>
    <TC Value="5000"/>
    <TC Value="4942"/>
    <TC Value="7300000"/>
    <TC Value="7215320"/>
    <TC Value="0.577226"/>
    <TC Value="5738.567382"/>
    <TC Value="632.867841"/>
   </TR>
   <TR>
    <TC Value="2"/>
    <TC Value="App2_CBR"/>
    <TC Value="6"/>
    <TC Value="15"/>
    <TC Value="5000"/>
    <TC Value="4940"/>
    <TC Value="7300000"/>
    <TC Value="7212400"/>
    <TC Value="0.576992"/>
    <TC Value="5297.975709"/>
    <TC Value="505.365459"/>
   </TR>
   <TR>
    <TC Value="3"/>
    <TC Value="App3_CBR"/>
    <TC Value="8"/>
    <TC Value="9"/>
    <TC Value="5000"/>
    <TC Value="4995"/>
    <TC Value="7300000"/>
    <TC Value="7292700"/>
    <TC Value="0.583416"/>
    <TC Value="4188.188188"/>
    <TC Value="326.191430"/>
   </TR>
   <TR>
    <TC Value="4"/>
    <TC Value="App4_CBR"/>
    <TC Value="12"/>
    <TC Value="13"/>
    <TC Value="5000"/>
    <TC Value="4647"/>
    <TC Value="7300000"/>
    <TC Value="6784620"/>
    <TC Value="0.542770"/>
    <TC Value="4460.512158"/>
    <TC Value="364.829961"/>
   </TR>
   <TR>
    <TC Value="5"/>
    <TC Value="App5_CBR"/>
    <TC Value="7"/>
    <TC Value="11"/>
    <TC Value="5000"/>
    <TC Value="4995"/>
    <TC Value="7300000"/>
    <TC Value="7292700"/>
    <TC Value="0.583416"/>
    <TC Value="4509.109109"/>
    <TC Value="435.522627"/>
   </TR>
   <TR>
    <TC Value="6"/>
    <TC Value="App6_CBR"/>
    <TC Value="10"/>
    <TC Value="14"/>
    <TC Value="5000"/>
    <TC Value="3433"/>
    <TC Value="7300000"/>
    <TC Value="5012180"/>
    <TC Value="0.400974"/>
    <TC Value="4521.118555"/>
    <TC Value="1221.736597"/>
   </TR>
   <TR>
    <TC Value="7"/>
    <TC Value="App7_CBR"/>
    <TC Value="5"/>
    <TC Value="15"/>
    <TC Value="5000"/>
    <TC Value="4943"/>
    <TC Value="7300000"/>
    <TC Value="7216780"/>
    <TC Value="0.577342"/>
    <TC Value="7143.839773"/>
    <TC Value="934.641845"/>
   </TR>
   <TR>
    <TC Value="8"/>
    <TC Value="App8_CBR"/>
    <TC Value="6"/>
    <TC Value="13"/>
    <TC Value="5000"/>
    <TC Value="4941"/>
    <TC Value="7300000"/>
    <TC Value="7213860"/>
    <TC Value="0.577109"/>
    <TC Value="6781.218377"/>
    <TC Value="1029.757085"/>
   </TR>
   <TR>
    <TC Value="9"/>
    <TC Value="App9_CBR"/>
    <TC Value="9"/>
    <TC Value="14"/>
    <TC Value="5000"/>
    <TC Value="791"/>
    <TC Value="7300000"/>
    <TC Value="1154860"/>
    <TC Value="0.092389"/>
    <TC Value="3900.126422"/>
    <TC Value="182.278481"/>
   </TR>
   <TR>
    <TC Value="10"/>
    <TC Value="App10_CBR"/>
    <TC Value="11"/>
    <TC Value="16"/>
    <TC Value="5000"/>
    <TC Value="4994"/>
    <TC Value="7300000"/>
    <TC Value="7291240"/>
    <TC Value="0.583299"/>
    <TC Value="4997.196636"/>
    <TC Value="908.471861"/>
   </TR>
  </TABLE>
 </MENU>
 <MENU Name="LTENR_Cell_Metrics">
  <TABLE name="LTENR_Cell_Metrics">
   <TH name="gNB/eNB Name" isShow="true"/>
   <TH name="gNB/eNB Interface ID" isShow="true"/>
   <TH name="PDSCH Bytes Transmitted (bytes)" isShow="false"/>
   <TH name="PUSCH Bytes Transmitted (bytes)" isShow="false"/>
   <TH name="PDSCH Throughput (Mbps)" isShow="true"/>
   <TH name="PUSCH Throughput (Mbps)" isShow="true"/>
   <TR>
    <TC Value="ENB_2"/>
    <TC Value="2"/>
    <TC Value="6170004.000000"/>
    <TC Value="52786800.000000"/>
    <TC Value="0.493600"/>
    <TC Value="4.222944"/>
   </TR>
   <TR>
    <TC Value="ENB_3"/>
    <TC Value="2"/>
    <TC Value="8944524.000000"/>
    <TC Value="20928720.000000"/>
    <TC Value="0.715562"/>
    <TC Value="1.674298"/>
   </TR>
   <TR>
    <TC Value="ENB_4"/>
    <TC Value="2"/>
    <TC Value="48921100.000000"/>
    <TC Value="607104.000000"/>
    <TC Value="3.913688"/>
    <TC Value="0.048568"/>
   </TR>
  </TABLE>
 </MENU>
</NetSim_Metrics>
